S.No,Name,Area,Address,Rating,Rating Count,Phone,Category,Entry Fee / Cover Charge Policy,Approx Cost for Two (₹),Popular For / Features
1,10 Downing Street - T Nagar,T. Nagar,"Kences Inn, 50, N Boag Rd, T. Nagar, Chennai, Tamil Nadu 600017",4.1,7352.0,+91 98405 10203,English Pub,Free Entry (Ladies Night / Couples entry preferred),2000.0,"Classic British pub style, Karaoke nights, vintage atmosphere"
2,6th Avenue Resto Bar,Anna Nagar,"S Block, Anna Nagar, Chennai, Tamil Nadu 600040",4.1,2780.0,+91 96770 96404,,,,
3,Aura - The Lounge Bar,Arumbakkam (Radha Regent),,,,,Lounge Bar,Free Entry,1800.0,"Ambient lighting, cocktail range, finger food classics"
4,Barracuda Brew,Nungambakkam,,,,,Craft Pub & Bar,Free Entry,2000.0,"Seafood fare, craft cocktails, sleek modern decor"
5,Big Bull Lounge,Nandanam,,,,,Stock Exchange / Resto-Bar,Free Entry,1800.0,"Dynamic drink pricing models, spacious seating, live DJ"
6,Black & White - The Residency,T. Nagar,,,,,Lounge Bar,Free Entry,2000.0,"Monochrome decor, classic drinks menu, relaxed ambiance"
7,Chamber Of Potions,Anna Nagar,"Plot C10, Ravilla Towers, Anna Nagar 3rd Main Rd, W Block, Anna Nagar, Chennai, Tamil Nadu 600040",4.5,485.0,+91 93601 36063,,,,
8,Crazy Ivan - Resto Bar,Thoraipakkam (OMR),"135, Survey 339/2A, Bhoomi Spectra Building, Indira Nagar, Thoraipakkam, Chennai, Tamil Nadu 600097",4.3,1981.0,+91 90030 22551,,,,
9,Dank Restobar,T. Nagar,,,,,Resto-Bar & Craft Pub,"Free Entry; Weekend cover ₹1,000 - ₹1,500",2200.0,"Rustic brick ambiance, artisanal cocktails, fusion tapas"
10,Diff 42 Resto Lounge,Velachery,,,,,Resto-Lounge & Pub,"Free Entry; Cover ₹500 - ₹1,000 on weekends",1600.0,"Sports screening, vibrant DJ music, reasonable pricing"
11,Evoke Bistro Bar And Grill,Thoraipakkam (OMR),"2nd Floor, 5/360, Old Mahabalipuram Road, Thoraipakkam, Chennai, Tamil Nadu 600097",3.8,1709.0,,,,,
12,Gatsby 2000,Alwarpet (Crowne Plaza),,,,,Nightclub / Pub,"Free for couples; Stags ₹2,000 - ₹3,000 (Full Cover)",3000.0,"DJ nights, dance floor, premium lounge, high-energy nightlife"
13,Gully Baar,Kilpauk,,,,,Casual Resto-Pub,Free Entry,1500.0,"Street-style fusion food, budget-friendly cocktails"
14,HOB (House Of Billa),Nungambakkam,,,,,Resto-Bar,Free Entry; Weekend cover applicable,1500.0,"Energetic music, movie-themed aesthetics, budget cocktails"
15,Hard Rock Cafe,Nungambakkam,,,,,Resto-Pub & Live Music Venue,"Free Entry (Special event tickets ₹500 - ₹1,500)",2500.0,"Rock memorabilia, live band performances, American burgers"
16,IGNNA Cocktail Bar & Rooftop Restaurant,Nungambakkam,"58, Sterling Rd, Nungambakkam, Chennai, Tamil Nadu 600034",4.4,1048.0,+91 90476 43786,,,,
17,Kommune Bar & Kitchen,T. Nagar,,,,,Pub & Kitchen,Free Entry,1800.0,"Community tables, draft beer, lively youth atmosphere"
18,La Cabana Rooftop Bar & Grill,Nungambakkam,"125, Valluvar Kottam High Rd, Ponnangipuram, Tirumurthy Nagar, Nungambakkam, Chennai, Tamil Nadu 600034",4.4,4171.0,+91 90252 20014,,,,
19,Lord of the Drinks Chennai,Nungambakkam,"103, Nungambakkam High Rd, Tirumurthy Nagar, Nungambakkam, Chennai, Tamil Nadu 600034",4.2,2474.0,+91 89390 05757,Resto-Pub / Lounge,"Free Entry (Cover charge ₹1,000 - ₹1,500 on weekend nights)",2500.0,"Lavish interior, extensive cocktail menu, live music & DJ"
20,Lower Deck Bar & Nightclub,Nungambakkam,"125, Valluvar Kottam High Rd, Ponnangipuram, Tirumurthy Nagar, Nungambakkam, Chennai, Tamil Nadu 600034",4.3,1508.0,+91 93445 48126,,,,
21,Macaw by Stories - OMR,Sholinganallur (OMR),"Max Kailash, 132, Rajiv Gandhi Salai, Elcot Sez, Sholinganallur, Chennai, Tamil Nadu 600119",4.7,4078.0,+91 80 4588 3769,,,,
22,Middle Of Nowhere,Mogappair,"1, Bazaar Rd, Collector Nagar, J J Nagar, Mogappair East, Chennai, Tamil Nadu 600037",4.4,1842.0,+91 96772 27748,,,,
23,Ministry of Drinks,Nandanam,,,,,Resto-Pub,Free Entry,1700.0,"Dance floor, energetic light shows, affordable drinks"
24,Off The Record,Nungambakkam,"179, 8, Kodambakkam High Rd, Parthasarathi Puram, Nungambakkam, Chennai, Tamil Nadu 600034",4.1,2424.0,+91 98401 08410,,,,
25,Pasha,Nungambakkam (The Park Hotel),,,,,Nightclub / Lounge Bar,"Couples ₹2,000 - ₹2,500; Stags ₹2,500 - ₹3,000 (Cover)",3500.0,"Persian themed decor, dynamic lighting, late night party vibe"
26,Purple Chameleon,Velachery (Phoenix Marketcity),,,,,Resto-Bar & Lounge,Free Entry,1900.0,"Trendy colorful decor, experimental cocktails, mall location"
27,Radio Room,RA Puram,,,,,Lounge Bar & Pub,"Couples Free; Stags ₹1,500 - ₹2,000 Cover on weekends",2500.0,"Retro music theme, signature cocktails, upscale crowd"
28,Score - The Sports Bar & Grill,Thiruvanmiyur (OMR),"Holiday Inn Chennai OMR, IT Express way, 110, Rajiv Gandhi Salai, Thiruvanmiyur, Chennai, Tamil Nadu 600041",4.2,571.0,+91 75501 11006,,,,
29,Secret Story,Nungambakkam,,,,,Resto-Pub & Bar,"Free Entry (Weekend cover charge ₹1,000 per person)",2500.0,"Botanical aesthetic, lush greenery, Instagrammable ambiance"
30,Sin & Tonic RestoBar,T. Nagar,,,,,Resto-Bar,Free Entry,1800.0,"Gin-focused cocktails, cozy indoor seating, party atmosphere"
31,Steam & Whistles,T. Nagar (Grand Chennai),,,,,1920s Speakeasy Style Pub,Free Entry,2500.0,"Retro train/prohibition era theme, premium malts & cocktails"
32,Sunset Grill,Velachery (The Westin),,,,,Rooftop Open-Air Bar,Reservation Recommended,3000.0,"Open-air rooftop views, grilled specialties, romantic setting"
33,THE CONNAUGHT CHENNAI,Sholinganallur (OMR),"Rajiv Gandhi Salai, Sholinganallur, Chennai, Tamil Nadu 600119",4.1,458.0,,,,,
34,The Cycle Gap,Anna Nagar,"3rd, C-5-W122, 3rd Ave, W Block, Anna Nagar, Chennai, Tamil Nadu 600040",4.5,7073.0,+91 99445 10909,,,,
35,The Flying Elephant,Guindy (Park Hyatt),,,,,Multi-level Luxury Lounge & Bar,Reservation Recommended / Cover charge on event nights,4000.0,"Multi-level dining/drinking experience, open kitchens, premium spirits"
36,The Leather Bar,T. Nagar,"Anna Salai, Near US Embassy, 601, Uthamar Gandhi Rd, T. Nagar, Chennai, Tamil Nadu 600006",4.5,1641.0,+91 44 4267 6000,Luxury Lounge Bar,Free Entry (Cover charge applied for event nights),3500.0,"Outdoor terrace, plush leather interior, electronic music"
37,The Living Room,Anna Nagar,"3rd Floor, New No-73, AG Block 4th Avenue, 7th Main Rd, Shanthi Colony, Anna Nagar, Chennai, Tamil Nadu 600040",4.5,4661.0,+91 63858 11555,Resto-Bar,Free Entry,2000.0,"Homely comfortable decor, continental food, craft beers"
38,The Madras Taproom,Egmore,"37, Red Cross Rd, opposite Redcross Society, Egmore, Chennai, Tamil Nadu 600008",4.3,686.0,+91 94457 09292,,,,
39,The Society Bar,Egmore (Ambassador Pallava),,,,,Vintage Hotel Bar,Free Entry,2200.0,"Old-world charm, calm atmosphere, classic spirits"
40,The Thief - Rooftop | Bar | Kitchen,Nungambakkam,"No 50, 150, Kodambakkam High Rd, Tirumurthy Nagar, Nungambakkam, Chennai, Tamil Nadu 600034",3.9,3117.0,+91 44 7969 6563,Multi-Storey Resto-Pub,"Free Entry; Weekend cover ₹1,000 for stags",2200.0,"Eclectic theme, rooftop seating, fusion gastronomy"
41,The Velveteen Rabbit,RA Puram,,,,,Cocktail Lounge Bar,Free Entry; Weekend cover charge applicable,2500.0,"Speakeasy-inspired lounge, underground vibes, mixology specials"
42,The Void,Anna Nagar East,,,,,Sports Bar & Resto-Pub,Free Entry,1800.0,"Sports screenings, rooftop seating, live DJ sets"
43,Watson's Chennai,T. Nagar,"90, Gopathy Narayana Rd, Parthasarathi Puram, T. Nagar, Chennai, Tamil Nadu 600017",4.2,5015.0,+91 78240 01205,Neighborhood Pub,Free Entry; Nominal cover charge on weekend peak hours,1800.0,"Retro vibes, craft drinks, affordable finger food, casual hangout"
44,Willows - The Westin,Velachery,,,,,Cricket-Themed Sports Bar,Free Entry,2800.0,"Cricket memorabilia, live sports streaming, luxury seating"
