Category,Sl_No,Name,District,Zone,Division,Area_ha,Notification_Details,Geological_Location,Type_of_Lake,Size,History
Bird Sanctuary,1,Vedanthangal Birds Sanctuary,Chengalpattu,,,30.000,"Section 26 (A) (1) of the Wildlife (Protection) Amendment Act, 2022",,,,
Bird Sanctuary,2,Karikili Birds Sanctuary,Chengalpattu,,,61.210,"Section 18 (1) of the Wildlife (Protection) Amendment Act, 2022",,,,
Bird Sanctuary,3,Vettangudi birds Sanctuary,Sivagangai,,,38.400,"Section 18 (1) of the Wildlife (Protection) Amendment Act, 2022",,,,
Bird Sanctuary,4,Kanjirankulam Birds Sanctuary,Ramanathapuram,,,104.000,"Section 18 (1) of the Wildlife (Protection) Amendment Act, 2022",,,,
Bird Sanctuary,5,Chitrangudi Birds Sanctuary,Ramanathapuram,,,47.630,"Section 18 (1) of the Wildlife (Protection) Amendment Act, 2022",,,,
Bird Sanctuary,6,Udayamarthanda puram Birds Sanctuary,Tiruvarur,,,45.280,"Section 26 (A) (1) of the Wildlife (Protection) Amendment Act, 2022",,,,
Bird Sanctuary,7,Vaduvoor birds Sanctuary,Tiruvarur,,,128.100,"Section 26 (A) (1) of the Wildlife (Protection) Amendment Act, 2022",,,,
Bird Sanctuary,8,Koonthankulam Birds Sanctuary,Tirunelveli,,,129.000,"Section 18 (1) of the Wildlife (Protection) Amendment Act, 2022",,,,
Bird Sanctuary,9,Karaivetti Birds Sanctuary,Ariyalur,,,453.710,"Section 18 (1) of the Wildlife (Protection) Amendment Act, 2022",,,,
Bird Sanctuary,10,Vellode Birds Sanctuary,Erode,,,77.180,"Section 26 (A) (1) of the Wildlife (Protection) Amendment Act, 2022",,,,
Bird Sanctuary,11,Melaselvanur-Kilaselvanur Birds Sanctuary,Ramanathapuram,,,593.080,"Section 18 (1) of the Wildlife (Protection) Amendment Act, 2022",,,,
Bird Sanctuary,12,Theerthangal Bird Sanctury,Ramanathapuram,,,29.290,"Section 18 (1) of the Wildlife (Protection) Amendment Act, 2022",,,,
Bird Sanctuary,13,Sakkarakottai Tank Birds Sanctuary,Ramanathapuram,,,230.490,"Section 18 (1) of the Wildlife (Protection) Amendment Act, 2022",,,,
Bird Sanctuary,14,Ossudu Lake Birds Sanctuary,Villupuram,,,331.785,"Section 18 (1) of the Wildlife (Protection) Amendment Act, 2022",,,,
Bird Sanctuary,15,Pulicat Lake Birds Sanctuary,Tiruvallur,,,15367.000,"Section 18 (1) of the Wildlife (Protection) Amendment Act, 2022",,,,
Bird Sanctuary,16,Kazhuveli Bird Sanctuary,Villupuram,,,5151.6,"Section 18 (1) of the Wildlife (Protection) Amendment Act, 2022",,,,
Bird Sanctuary,17,Nanjarayan Birds Sanctuary,Tiruppur,,,125.9,"Section 18 (1) of the Wildlife (Protection) Amendment Act, 2022",,,,
Lake,1,Ayanambakkam Lake,Chennai,,,,,,,,
Lake,2,Chembarambakkam Lake,Chennai,,,,,,,,
Lake,3,Chetput Lake,Chennai,,,,,,,,
Lake,4,Chitlapakkam Lake,Chennai,,,,,,,,
Lake,5,Chithra Mekha Thadakam Lake,Kancheepuram,,,,,Near Mamandur Caves,,,Mahendra Verma Pallava
Lake,6,Kaduvetti Lake,Chennai,,,,,,,,
Lake,7,Kaveripakkam Lake,Chennai,,,,,,,,
Lake,8,Kilikodi Lake,Chennai,,,,,,,,
Lake,9,Kolavai Lake,Chennai,,,,,,,,
Lake,10,Korattur Lake,Chennai,,,,,,,,
Lake,11,Maduranthakam lake,Chennai,,,,,,,,
Lake,12,Manali Lake,Chennai,,,,,,,,
Lake,13,Manimangalam Lake,Chennai,,,,,,,,
Lake,14,Nanmangalam Lake,Chennai,,,,,,,,
Lake,15,Panpakkam Lake,Chennai,,,,,,,,
Lake,16,Poondi Lake,Chennai,,,,,,,,
Lake,17,Porur Lake,Chennai,,,,,,,,
Lake,18,Pattupalli Lake,Chennai,,,,,,,,
Lake,19,Pulicat Lake,Chennai,,,,,,,,
Lake,20,Puzhal lake,Chennai,,,,,,,,
Lake,21,Retteri Lake,Chennai,,,,,,,,
Lake,22,Sholavaram Lake,Chennai,,,,,,,,
Lake,23,Thiruninravur Lake,Chennai,,,,,,,,
Lake,24,Velachery Lake,Chennai,,,,,,,,
Lake,25,Kodaikanal Lake,Kodaikanal,,,,,,,,
Lake,26,Ooty lake,Ooty,,,,,,,,
Lake,27,"Avalanche Lake, Ooty",Ooty,,,,,,,,
Lake,28,"Emerald Lake, Ooty",Ooty,,,,,,,,
Park,1,Hansa Garden Park / Ajax TVT,,1,5,,,,,,
Park,2,Alcargo Near Park,,1,5,,,,,,
Park,3,Sakthipuram Park,,1,5,,,,,,
Park,4,Shanmuganar Park,,1,11,,,,,,
Park,5,Block no 26 CPS- 10,,2,15,,,,,,
Park,6,Block no 29 CPS- 9,,2,15,,,,,,
Park,7,Block no 63 CPS- 7,,2,15,,,,,,
Park,8,Block no 90 CPS - 3,,2,16,,,,,,
Park,9,Block no 134&135 CPS - 1,,2,16,,,,,,
Park,10,Block no 78 CPS - 5,,2,16,,,,,,
Park,11,Vadaperumpakkam park,,2,17,,,,,,
Park,12,Thirupathy Devasthanam nagar park,,2,17,,,,,,
Park,13,Vimalapuram II street park,,2,18,,,,,,
Park,14,CPCL IV street park,,2,18,,,,,,
Park,15,Nedunchezhiyan street park,,2,18,,,,,,
Park,16,Lake view apartment park (Kamarajar Salai),,2,19,,,,,,
Park,17,MMDA 34th street park,,2,19,,,,,,
Park,18,Lake view park (Chinna mathur salai),,2,20,,,,,,
Park,19,Jalagandamariamman koil street park,,2,21,,,,,,
Park,20,MMDA II Main road park,,2,19,,,,,,
Park,21,Macro Marvel Nagar Park 1,,3,22,,,,,,
Park,22,Macro Marvel nagar Park 2,,3,22,,,,,,
Park,23,"Gurushanthi Nagar Park, Puzhal",,3,22,,,,,,
Park,24,Macro Marvel nagar Park 3,,3,22,,,,,,
Park,25,Anna ninaivu nagar Park,,3,23,,,,,,
Park,26,Gangadaran street Park,,3,23,,,,,,
Park,27,DG Nagar,,3,24,,,,,,
Park,28,Srinivasa nagar,,3,25,,,,,,
Park,29,Collector nagar,,3,25,,,,,,
Park,30,Padmavathy Nagar Park,,3,25,,,,,,
Park,31,Secretariate Colony Park,,3,26,,,,,,
Park,32,Padmagiri Nagar Park,,3,28,,,,,,
Park,33,Sri Krishna Nagar park,,3,28,,,,,,
Park,34,Ring Road housing sector Park,,3,30,,,,,,
Park,35,VRD Nagar Park,,3,30,,,,,,
Park,36,Sivasakthi Nagar 2nd Main Road,,3,30,,,,,,
Park,37,RC Flats Arul nagar park,,3,30,,,,,,
Park,38,KKR Nagar Ist Main Road Part,,3,31,,,,,,
Park,39,KKR Nagar 2nd Main road,,3,31,,,,,,
Park,40,RC Flats MRH Road,,3,31,,,,,,
Park,41,Teachers Colony 4th cross St Park,,3,32,,,,,,
Park,42,Teachers Colony 6th main road Park,,3,32,,,,,,
Park,43,Thanikachalam Nagar B Block Park,,3,33,,,,,,
Park,44,Selvam Nagar Park,,3,33,,,,,,
Park,45,VGP Nagar Park,,3,33,,,,,,
Park,46,Binny Nagar Main Road Park,,4,34,,,,,,
Park,47,Venkateshwara Colony V Street Park,,4,34,,,,,,
Park,48,Union Carbide Colony 14TH Street Park,,4,34,,,,,,
Park,49,Kavari Nagar Park,,4,34,,,,,,
Park,50,Krishnan Street O S R (R C APPT) Park,,4,35,,,,,,
Park,51,Muthamizh Nagar 9th Street Park,,4,35,,,,,,
Park,52,Bharathi Nagar V Street Park,,4,36,,,,,,
Park,53,Vasugi Nagar Park,,4,36,,,,,,
Park,54,M.R.Nagar Park,,4,36,,,,,,
Park,55,Sharma Nagar 1st Main Road,,4,36,,,,,,
Park,56,Sharma Nagar 3st Main Road,,4,36,,,,,,
Park,57,14 th West Cross(MKBNagar) Street,,4,36,,,,,,
Park,58,"Indra Gandhi Nagar park, E.H Road",,4,36,,,,,,
Park,59,Lingesan Street Park,,4,37,,,,,,
Park,60,Jawahar Street Park,,4,37,,,,,,
Park,61,Vivekanada Street Park,,4,37,,,,,,
Park,62,Ambedkar Street Park,,4,37,,,,,,
Park,63,Sasirekamma Nagar Park,,4,37,,,,,,
Park,64,Kannadasan Nagar 7th block,,4,37,,,,,,
Park,65,Srinivasan Street Park,,4,37,,,,,,
Park,66,Gandhi Street Park,,4,37,,,,,,
Park,67,13th Cross Street MKB Nagar park,,4,37,,,,,,
Park,68,16th West Cross Street MKB Nagar,,4,37,,,,,,
Park,69,4th Cross Street MKB Nagar,,4,37,,,,,,
Park,70,Pattel Nagar Park,,4,38,,,,,,
Park,71,Elaya Street O S R (Prince) Park,,4,38,,,,,,
Park,72,Nehru Nagar,,4,38,,,,,,
Park,73,Thanthai Periyar Park,,4,40,,,,,,
Park,74,Cross Road O S R (Brindavan) Park,,4,40,,,,,,
Park,75,Elaya Street O S R (Emmar) Park,,4,40,,,,,,
Park,76,Thiruvalluvar Nagar Park,,4,40,,,,,,
Park,77,MGR Nagar Park,,4,41,,,,,,
Park,78,Jeeva Park,,4,42,,,,,,
Park,79,Rettikuzhi Street,,4,42,,,,,,
Park,80,Thiyagaraya park,,4,42,,,,,,
Park,81,C D Hospital Park&Opp.MainBuilding park,,4,43,,,,,,
Park,82,Kasimedu Burial Ground,,4,43,,,,,,
Park,83,S.N.Chetty Street Park,,4,43,,,,,,
Park,84,Sathiyavani Muthu Park,,4,44,,,,,,
Park,85,Kasturibai Gandhi Nagar,,4,45,,,,,,
Park,86,Desikananda Park,,4,45,,,,,,
Park,87,Vysar Nagar V Street Park,,4,45,,,,,,
Park,88,Sanjai Nagar Park,,4,45,,,,,,
Park,89,Sathyamurthy Nagar Park,,4,46,,,,,,
Park,90,Telugu Street Park,,4,48,,,,,,
Park,91,Sivagamiammal park MC Road Royapuram,,5,49,,,,,,
Park,92,"Kamaraj Park, M.S Koil Street Royapuram",,5,50,,,,,,
Park,93,"Sundaramoorthy Park, Venkatesan Nagar, Royapuram",,5,50,,,,,,
Park,94,N.R.T Bridge Under Park NRT Road Raoypapuram,,5,50,,,,,,
Park,95,Basement Park MC Road Royapuram,,5,52,,,,,,
Park,96,"Anna Park, Cementry Road, Royapuram",,5,52,,,,,,
Park,97,"Mint Model City Park, Model City Washermenpet",,5,53,,,,,,
Park,98,"Old Andra Bus Stand Park, Basin Bridge",,5,53,,,,,,
Park,99,"Sivagnanam Park, Peddu Street",,5,54,,,,,,
Park,100,"Terrace Garden Park, Bharathi Arts College",,5,56,,,,,,
Park,101,"Jermiah Park, Doveton",,5,58,,,,,,
Park,102,"Thirumalai Park, Jermaiah Road",,5,58,,,,,,
Park,103,"My Ladies Garden, Near Ripon Building",,5,58,,,,,,
Park,104,"Doveton Clock Towers Park, Doveton",,5,58,,,,,,
Park,105,"Ragavendra Park, Choolai Post Bus Stand",,5,58,,,,,,
Park,106,"Dinathanthi Office Near Park, Dinathanthi office",,5,58,,,,,,
Park,107,"Swamy sivananda Salai, IAS quarters inside",,5,59,,,,,,
Park,108,Secretariate Park- Old Secretariate,,5,60,,,,,,
Park,109,"Sathya Nagar Park, War Memorial",,5,60,,,,,,
Park,110,"Gandhi Irwin Park, CMDA Building",,5,61,,,,,,
Park,111,"Mayor Sundar rao Park, Rukmani Lakshmi pathy salai, Egmore",,5,61,,,,,,
Park,112,"Ethiraj lane Park, Ethiraj college",,5,61,,,,,,
Park,113,L G Road Park (DN-61),,5,61,,,,,,
Park,114,L G Road Park (DN-63),,5,63,,,,,,
Park,115,May Day Park,,5,62,,,,,,
Park,116,"Raheja Complex Park, Tenampet Congress office",,5,63,,,,,,
Park,117,"Adithanar Salai Park, D'",,5,63,,,,,,
Park,118,Poombukar Nagar Park,,6,64,,,,,,
Park,119,Anjugam Nagar Park,,6,64,,,,,,
Park,120,V.V. Nagar Park,,6,64,,,,,,
Park,121,Thenpalani Nagar TVK Park,,6,64,,,,,,
Park,122,Thenpalani Nagar VOC Park,,6,64,,,,,,
Park,123,Mohammed Hussain Colony Park,,6,65,,,,,,
Park,124,Rajaji Nagar Rohini Park,,6,65,,,,,,
Park,125,RK Syndicate Nagar Park,,6,65,,,,,,
Park,126,Mahaveer Nagar Park,,6,65,,,,,,
Park,127,Thirumalai Nagar Park,,6,65,,,,,,
Park,128,Senthil Nagar 10th street Park,,6,65,,,,,,
Park,129,Senthil Nagar Park 13th St. (Thanthai Periyar Park),,6,65,,,,,,
Park,130,Janakiraman Colony Park,,6,65,,,,,,
Park,131,P.U. Shanmugam Park,,6,65,,,,,,
Park,132,Jawahar 5th Main Road Park,,6,66,,,,,,
Park,133,Sakthivel Nagar 2nd Park,,6,66,,,,,,
Park,134,Periyar Nagar 21st Street Park,,6,66,,,,,,
Park,135,Jawahar Nagar 2nd Circular Road Park,,6,66,,,,,,
Park,136,"Anandan Park, SRP Koil Street.",,6,67,,,,,,
Park,137,George Colony Park,,6,68,,,,,,
Park,138,"KKR Avenue Park , Pallavaram Salai.",,6,68,,,,,,
Park,139,"Sarjid Hussain Park, Paper Mills Road",,6,68,,,,,,
Park,140,Venkateswara Nagar 1st Park,,6,69,,,,,,
Park,141,Ragavan Street Park,,6,69,,,,,,
Park,142,"Gandhi Park, M.H. Road",,6,70,,,,,,
Park,143,Rajiv Ganthi Park,,6,70,,,,,,
Park,144,Perambur Murasolimaran Park (North),,6,70,,,,,,
Park,145,Vadivelu 2nd street Park,,6,70,,,,,,
Park,146,Kannapiran Koil Street Park,,6,70,,,,,,
Park,147,Perambur Murasoli Maran Park (South),,6,71,,,,,,
Park,148,Quiad-e-Millet Park,,6,73,,,,,,
Park,149,Wardiya Park at New Ferrance Road,,6,73,,,,,,
Park,150,Secretariat Colony 2nd Park,,6,74,,,,,,
Park,151,Otteri Tropical Dry Ever Green Forest (Herbal Park),,6,74,,,,,,
Park,152,Patel Park,,6,75,,,,,,
Park,153,Cornor Smith Nagar Park,,6,76,,,,,,
Park,154,Bakthavatchalam Park,,6,76,,,,,,
Park,155,Selvapathy Park,,6,76,,,,,,
Park,156,Kalaingar Karunanithi Park,,6,76,,,,,,
Park,157,"Amma Park, Elephant Gate Road",,6,77,,,,,,
Park,158,New TPF Park,,6,77,,,,,,
Park,159,Ram Nagar park,,7,79,,,,,,
Park,160,Lenin Nagar Park,,7,79,,,,,,
Park,161,Gandhi main Road Park,,7,79,,,,,,
Park,162,Lakshmi Nagar park,,7,79,,,,,,
Park,163,Thangal Eri Park,,7,80,,,,,,
Park,164,Bharathi Nagar Park,,7,80,,,,,,
Park,165,Thiruvenkadam Nagar Park,,7,81,,,,,,
Park,166,Krishnapuram Park,,7,81,,,,,,
Park,167,secretriate colony Park,,7,81,,,,,,
Park,168,Hindustan Colony Park,,7,82,,,,,,
Park,169,Sri Ranga Nagar Park,,7,83,,,,,,
Park,170,Sastha Nagar Park,,7,83,,,,,,
Park,171,Subulakshmi Nagar park,,7,83,,,,,,
Park,172,Thamaraikulam Park,,7,83,,,,,,
Park,173,TNHB 61st st,,7,83,,,,,,
Park,174,K.R Nagar Park,,7,84,,,,,,
Park,175,TNHB 4th st park,,7,84,,,,,,
Park,176,Gopal swamy nagar park,,7,86,,,,,,
Park,177,Sindhu Nathi Park,,7,86,,,,,,
Park,178,Children Park at the junction of Bharathi Street (Kalidasan Street),,7,86,,,,,,
Park,179,VGN Cosmo Polis Park,,7,86,,,,,,
Park,180,Chelliamman Koil Pond Park (Including Pond),,7,86,,,,,,
Park,181,Thamirabharani Park - 1,,7,86,,,,,,
Park,182,Thamirabharani Park - 2,,7,86,,,,,,
Park,183,A.P.Flats Children's park,,7,88,,,,,,
Park,184,B-Sector park,,7,88,,,,,,
Park,185,C-Sector park,,7,88,,,,,,
Park,186,Millienium park,,7,88,,,,,,
Park,187,Officers Colony park (TVS Colony Park),,7,89,,,,,,
Park,188,Golden Colony,,7,89,,,,,,
Park,189,Akshaya Colony,,7,89,,,,,,
Park,190,Asiad Colony,,7,90,,,,,,
Park,191,Golden Jublee park,,7,90,,,,,,
Park,192,Welcome Colony Block No.49-A and Park Road,,7,90,,,,,,
Park,193,Collector Nagar park,,7,90,,,,,,
Park,194,Mogappair Eri scheme 8th st park,,7,91,,,,,,
Park,195,Mogappair West Bus Stand,,7,91,,,,,,
Park,196,Jeswanth Nagar Phase - I park,,7,91,,,,,,
Park,197,Jeswanth Nagar Phase - II park,,7,91,,,,,,
Park,198,Tri Star Park,,7,91,,,,,,
Park,199,AIBEA Nagar Park,,7,91,,,,,,
Park,200,Mogappair Eri scheme 1st street main road,,7,91,,,,,,
Park,201,Anna Park (Mangal Eri Park),,7,92,,,,,,
Park,202,EB Road Park,,7,92,,,,,,
Park,203,Veeramamunivar Park,,7,93,,,,,,
Park,204,Thiru Nagar 16th Block 20th Street,,8,95,,,,,,
Park,205,I-Block 2nd Street,,8,95,,,,,,
Park,206,I-Block 38th Street,,8,95,,,,,,
Park,207,W-Block 'C' Sector 2nd Street,,8,95,,,,,,
Park,208,United India Nagar (Jeeva Park),,8,96,,,,,,
Park,209,Konnur HIGH road (OSR land park),,8,96,,,,,,
Park,210,Vellala Street,,8,97,,,,,,
Park,211,Pachaikal Veeraswamy Street,,8,97,,,,,,
Park,212,"15th Main Road (B.P.C), Ranganathan Garden",,8,99,,,,,,
Park,213,"15th Main Road (R.B.I), Ranganathan Garden",,8,99,,,,,,
Park,214,AL-Block 14th Main Road,,8,100,,,,,,
Park,215,Dr.Visweswaraya Tower Park at 3rd Main Road,,8,100,,,,,,
Park,216,"7th main road, near amma unavagam (OSR Park)",,8,100,,,,,,
Park,217,Tas Chellaiah Road,,8,100,,,,,,
Park,218,AD-Block Park 3rd Street,,8,100,,,,,,
Park,219,Boganvilla Park,,8,101,,,,,,
Park,220,C-Block,,8,101,,,,,,
Park,221,2 nd Main Road,,8,101,,,,,,
Park,222,G-Block Park,,8,102,,,,,,
Park,223,Scatting Park,,8,102,,,,,,
Park,224,"Bashyam Park,Junction of Taylors road & Halls Road",,8,103,,,,,,
Park,225,Kences Park at EVR Lane,,8,103,,,,,,
Park,226,"Air india park, Harleys Lane",,8,103,,,,,,
Park,227,"Prof.Subramaniam Park, Prof. Subramaniam Street",,8,103,,,,,,
Park,228,Bank Manickam Park,,8,104,,,,,,
Park,229,Bricklin Road,,8,104,,,,,,
Park,230,"True Value Homes, Bricklin Road",,8,104,,,,,,
Park,231,"True Value Homes, Bricklin Road",,8,104,,,,,,
Park,232,"Thiru.Vi.Ka Sadukkam, A-Block, M.M.D.A.Colony",,8,105,,,,,,
Park,233,Metal Factory Road,,8,106,,,,,,
Park,234,Nelson Manickam Road (115),,8,106,,,,,,
Park,235,Nelson Manickam Road (Krishna building 116),,8,106,,,,,,
Park,236,Nelson Manickam Road Near Sky Walk Building,,8,106,,,,,,
Park,237,Mayor Sathyamurthy Salai,,8,107,,,,,,
Park,238,Mayor Ramanathan Salai (Near T.B Hospital),,8,107,,,,,,
Park,239,Mayor Ramanathan Salai Eastern Side,,8,107,,,,,,
Park,240,MMDA Colony R Block,,8,108,,,,,,
Park,241,Gill Nagar Park,,9,109,,,,,,
Park,242,West Namachivayapuram,,9,109,,,,,,
Park,243,Harrington Road,,9,110,,,,,,
Park,244,Independence Day Park,,9,110,,,,,,
Park,245,Anna Park,,9,110,,,,,,
Park,246,Binny Road - Spencer Plaza,,9,111,,,,,,
Park,247,Nungambakkam 4th Lane,,9,111,,,,,,
Park,248,Ko Su Mani Park,,9,111,,,,,,
Park,249,Whites Road Park (Sathyam),,9,111,,,,,,
Park,250,College Road,,9,111,,,,,,
Park,251,College Road,,9,111,,,,,,
Park,252,Haddows Road Park,,9,111,,,,,,
Park,253,College Lane Park,,9,111,,,,,,
Park,254,Dharotharan Street park,,9,111,,,,,,
Park,255,Anbalagan Park,,9,112,,,,,,
Park,256,Chitra Park - Railway Border Road,,9,112,,,,,,
Park,257,Millienium park (Periyar Road Park),,9,113,,,,,,
Park,258,Sharma Park (Habibullah Road),,9,113,,,,,,
Park,259,Kodambakkam High Road (Near Digonastic Lab),,9,113,,,,,,
Park,260,Nepier Bridge Park,,9,114,,,,,,
Park,261,Dr. Annie Besant Park,,9,116,,,,,,
Park,262,Chari Street Park,,9,117,,,,,,
Park,263,Thiru-vi-ka-Park,,9,118,,,,,,
Park,264,G.N.Muthaiah Street,,9,118,,,,,,
Park,265,Parthasarathy Park,,9,119,,,,,,
Park,266,C.I.T. Colony 5th Street,,9,119,,,,,,
Park,267,Thiruvalluvar Park,,9,121,,,,,,
Park,268,Turnbulls Road,,9,122,,,,,,
Park,269,R.A.Puram 7th Main Road,,9,123,,,,,,
Park,270,Dimonte Colony,,9,123,,,,,,
Park,271,Nageswarao Park,,9,123,,,,,,
Park,272,City Centre (OSR),,9,125,,,,,,
Park,273,Lazaras Church Road,,9,126,,,,,,
Park,274,Pattinambakkam Nursury,,9,126,,,,,,
Park,275,Marina Beach,,9,"114,116,120,121",,,,,,
Park,276,SAF Games Village OSR 1,,10,127,,,,,,
Park,277,SAF Games Village OSR 2,,10,127,,,,,,
Park,278,SAF Games Village OSR 3,,10,127,,,,,,
Park,279,SAF Games Village OSR 4,,10,127,,,,,,
Park,280,SAF Games Village OSR 5,,10,127,,,,,,
Park,281,SAF Games Village OSR 6,,10,127,,,,,,
Park,282,SAF Games Village OSR 7,,10,127,,,,,,
Park,283,SAF Games Village OSR 8,,10,127,,,,,,
Park,284,SAF Games Village OSR 9,,10,127,,,,,,
Park,285,SAF Games Village OSR 10,,10,127,,,,,,
Park,286,SAF Games Village OSR 11,,10,127,,,,,,
Park,287,SAF Games Village OSR 12,,10,127,,,,,,
Park,288,Natesan Nagar Park,,10,127,,,,,,
Park,289,Jai Nagar Park 1 & 2 at Jawaharlal Nehru Salai,,10,127,,,,,,
Park,290,Annaji Nagar 2nd Main Road,,10,128,,,,,,
Park,291,Lambert Nagar II Main Road,,10,128,,,,,,
Park,292,Abusali Road,,10,129,,,,,,
Park,293,Arcot Road,,10,129,,,,,,
Park,294,"Pillaiyar Koil Street, K.R.Nagar",,10,129,,,,,,
Park,295,Bhaskar Colony,,10,129,,,,,,
Park,296,"Navalar Park, Navalar Street",,10,129,,,,,,
Park,297,NSK Lane,,10,129,,,,,,
Park,298,P.T.Rajan Salai (Sivan Park),,10,131,,,,,,
Park,299,Ranianna Nagar,,10,131,,,,,,
Park,300,12th Avenue,,10,132,,,,,,
Park,301,14th Sector,,10,132,,,,,,
Park,302,15th Sector,,10,132,,,,,,
Park,303,53rd Street,,10,132,,,,,,
Park,304,Corporation Colony Main Road (Kalaignar Park),,10,134,,,,,,
Park,305,United India Colony Park View Road (Anna Park),,10,134,,,,,,
Park,306,"Director's Colony Park, Director's Colony",,10,134,,,,,,
Park,307,"Jeeva Park, G.N.Chetty Road",,10,136,,,,,,
Park,308,"Natesan Park, Venkatnarayana Road",,10,136,,,,,,
Park,309,"Panagal Park, Bashyam Road",,10,136,,,,,,
Park,310,4th Sector K.K.Nagar,,10,137,,,,,,
Park,311,11th Sector K.K.Nagar,,10,137,,,,,,
Park,312,Errikarai Street,,10,137,,,,,,
Park,313,12TH SECTOR,,10,137,,,,,,
Park,314,Bharathidasan Colony 5th Street,,10,138,,,,,,
Park,315,Bharathidasan Colony 6th Street,,10,138,,,,,,
Park,316,Ellaiamman Koil Street,,10,140,,,,,,
Park,317,CIT Nagar 3rd Main Road,,10,141,,,,,,
Park,318,West Jones Road,,10,142,,,,,,
Park,319,"Amma Park, Kodambakkam Road",,10,142,,,,,,
Park,320,Thadi Rathinam Street,,10,142,,,,,,
Park,321,Nolambur Phase -I 3rd main road,,11,143,,,,,,
Park,322,Nolambur Phase - I 9th Main Road,,11,143,,,,,,
Park,323,Nolambur Phase - I 13th cross street,,11,143,,,,,,
Park,324,Channal road,,11,143,,,,,,
Park,325,V.G.P.Amutha nagar,,11,144,,,,,,
Park,326,Metro Nagar,,11,146,,,,,,
Park,327,Pallavan nagar park,,11,147,,,,,,
Park,328,Arignar Anna park,,11,147,,,,,,
Park,329,Bharthiyar nagar,,11,147,,,,,,
Park,330,Fathima Nagar,,11,149,,,,,,
Park,331,Thiru - vi - ka park at Gandhi Road,,11,149,,,,,,
Park,332,Brindavan nagar,,11,149,,,,,,
Park,333,OSR Land Near Alsa Tower,,11,149,,,,,,
Park,334,CEEBROS OSR Land,,11,149,,,,,,
Park,335,Parasnath Nagar Sayarbhai Street,,11,150,,,,,,
Park,336,Phase -I Maruthi nagar OSR Land,,11,150,,,,,,
Park,337,Phase -III Maruthi nagar OSR Land,,11,150,,,,,,
Park,338,Ponniamman nagar,,11,150,,,,,,
Park,339,T.C.G Park,,11,151,,,,,,
Park,340,Sabari nagar 5th street,,11,151,,,,,,
Park,341,Zonal Office Park,,11,152,,,,,,
Park,342,Kanniyappan Salai,,11,153,,,,,,
Park,343,Ramakrishna nagar,,11,153,,,,,,
Park,344,Ramaswamy nagar,,11,153,,,,,,
Park,345,Park at Kurinji Nagar 3rd cross street,,11,154,,,,,,
Park,346,Eswaran Nagar,,11,155,,,,,,
Park,347,Giri Nagar,,11,155,,,,,,
Park,348,Jai Balaji Nagar,,11,155,,,,,,
Park,349,Azhagapuri Nagar,,11,155,,,,,,
Park,350,K.P.Nagar,,11,155,,,,,,
Park,351,Mary gold street,,12,156,,,,,,
Park,352,"AGS Colony, Sabari Nagar 2nd Main road",,12,156,,,,,,
Park,353,V.N.D. Rajeswari Avenue Vaigai street,,12,156,,,,,,
Park,354,"SSI Green Park, Madhanandhapuram Main road",,12,156,,,,,,
Park,355,Annai Velankanni Nagar Phase I 1st Street,,12,156,,,,,,
Park,356,Annai Velankanni Nagar Phase I 5th Street,,12,156,,,,,,
Park,357,Madha Nagar 2nd street,,12,156,,,,,,
Park,358,Gurusamy Nagar Devadoass Street,,12,156,,,,,,
Park,359,V.N.D. Rajeswari Avenue Sindu street,,12,156,,,,,,
Park,360,Kumudam nagar,,12,156,,,,,,
Park,361,CRR puram (L&T ) Park,,12,156,,,,,,
Park,362,AGS Colony,,12,156,,,,,,
Park,363,River view colony Phase II,,12,157,,,,,,
Park,364,River view colony Phase I,,12,157,,,,,,
Park,365,BHEL nagar,,12,157,,,,,,
Park,366,Kavya garden,,12,157,,,,,,
Park,367,Macro marvel river county,,12,157,,,,,,
Park,368,Sundar nagar,,12,158,,,,,,
Park,369,New street,,12,160,,,,,,
Park,370,Officers Colony,,12,161,,,,,,
Park,371,TNGO Colony,,12,161,,,,,,
Park,372,Murugan Nagar,,12,161,,,,,,
Park,373,Jeevan nagar,,12,161,,,,,,
Park,374,Thiruvalluvar nagar,,12,162,,,,,,
Park,375,T.G. nagar 39th street,,12,162,,,,,,
Park,376,Nanganallur 29th street,,12,164,,,,,,
Park,377,Nehru street,,12,164,,,,,,
Park,378,South sector II nd street,,12,165,,,,,,
Park,379,Balaji nagar,,12,165,,,,,,
Park,380,Lakshmi nagar,,12,165,,,,,,
Park,381,Bharath nagar,,12,165,,,,,,
Park,382,Surendra nagar,,12,165,,,,,,
Park,383,Anna Park,,12,166,,,,,,
Park,384,Independence day park,,12,167,,,,,,
Park,385,Nanganallur 46th street,,12,167,,,,,,
Park,386,Lakshmi nagar 7th street,,12,167,,,,,,
Park,387,Vijay Avenue,,12,167,,,,,,
Park,388,Hindu colony,,12,167,,,,,,
Park,389,Jain staff colony,,12,167,,,,,,
Park,390,"MMTC Colony , Eswaran street",,12,167,,,,,,
Park,391,Kanniga colony,,12,167,,,,,,
Park,392,Voltas colony 1st street,,12,167,,,,,,
Park,393,Voltas colony 3rd street,,12,167,,,,,,
Park,394,Lakshmi nagar 4th street,,12,167,,,,,,
Park,395,Kannan nagar 1st main road,,12,167,,,,,,
Park,396,SBI Colony Main Road,,12,167,,,,,,
Park,397,Kannan nagar 1ST cross street,,12,167,,,,,,
Park,398,Civil aviation colony,,12,167,,,,,,
Park,399,Central Excesses Colony,,13,170,,,,,,
Park,400,Customs colony,,13,170,,,,,,
Park,401,Labour Colony,,13,170,,,,,,
Park,402,Anna salai (ITC Park),,13,170,,,,,,
Park,403,Chinnamalai Park (Halda),,13,171,,,,,,
Park,404,Dhandapani Park,,13,172,,,,,,
Park,405,Senior citizen Park,,13,172,,,,,,
Park,406,Govindaswamy Park,,13,172,,,,,,
Park,407,River view Park,,13,172,,,,,,
Park,408,Chitra Nagar Park,,13,172,,,,,,
Park,409,Kamaraj salai(Dharmambal Park),,13,173,,,,,,
Park,410,Kesavaperumal Puram East Avenue,,13,173,,,,,,
Park,411,Sathyadev Avenue Extn.,,13,173,,,,,,
Park,412,M.R.C Nagar main Road (Near Image Auditorium),,13,173,,,,,,
Park,413,Kesavaperumal Puram central Avenue,,13,173,,,,,,
Park,414,Krishnapuri Main Road,,13,173,,,,,,
Park,415,M.R.C Nagar extn.,,13,173,,,,,,
Park,416,Vasantha Avenue,,13,173,,,,,,
Park,417,May Flower Garden - Srinivas avenue,,13,173,,,,,,
Park,418,Rohini garden,,13,173,,,,,,
Park,419,City limit road (Secretariat colony park),,13,174,,,,,,
Park,420,LH Nagar IV cross street Park,,13,177,,,,,,
Park,421,New NGO Colony II main road Park,,13,177,,,,,,
Park,422,Indira Nagar Park,,13,175,,,,,,
Park,423,Padmanabha Nagar Park,,13,176,,,,,,
Park,424,Aavin Park (Dr Muthulakshmi Park),,13,176,,,,,,
Park,425,Gangai Nagar II street,,13,177,,,,,,
Park,426,AGS Colony (Alacrity Park),,13,178,,,,,,
Park,427,AGS Colony 4th Main Road Park,,13,178,,,,,,
Park,428,"4th West Street, Kamaraj Nagar",,13,180,,,,,,
Park,429,"2nd West Street, Kamaraj Nagar",,13,180,,,,,,
Park,430,"13th West Street, Kamaraj Nagar",,13,180,,,,,,
Park,431,Thiruvalluvar Park - Gandhi road,,13,179,,,,,,
Park,432,Bharathiar Park - Velachery main road,,13,179,,,,,,
Park,433,CEEBROS Apartments - Velachery main road,,13,179,,,,,,
Park,434,Ramagiri nagar I street,,13,179,,,,,,
Park,435,V.G.P Selva Nagar II main road,,13,179,,,,,,
Park,436,M.G.R road,,13,181,,,,,,
Park,437,Gangai Street (Arupadai Veedu),,13,181,,,,,,
Park,438,Tiger Varathachari Park,,13,181,,,,,,
Park,439,CGE colony,,13,181,,,,,,
Park,440,Yamuna Street Park,,13,181,,,,,,
Park,441,Sivagamipuram II street,,13,181,,,,,,
Park,442,Valmigi Nagar - 69th Cross Street,,13,182,,,,,,
Park,443,Thiruvalluvar Nagar II main road,,13,182,,,,,,
Park,444,Thiruvalluvar Nagar 43rd Cross Street,,13,182,,,,,,
Park,445,Kannappa Nagar,,13,182,,,,,,
Park,446,Journalist Colony,,13,182,,,,,,
Park,447,Thiruvalluvar Nagar VII Cross Street,,13,182,,,,,,
Park,448,Thiruvalluvar Nagar I Avenue,,13,182,,,,,,
Park,449,AIBEA Nagar (Devandra Nagar),,13,182,,,,,,
Park,450,Lakshmi Nagar 10th Street,,14,168,,,,,,
Park,451,Indu Colony Park,,14,169,,,,,,
Park,452,Iyyan Thiruvalluvar Park,,14,169,,,,,,
Park,453,Balaji Nagar 19th Street,,14,169,,,,,,
Park,454,AGS Colony,,14,169,,,,,,
Park,455,Annai Therasa 14th Street,,14,169,,,,,,
Park,456,EPR NAGAR,,14,169,,,,,,
Park,457,Netco Colony,,14,183,,,,,,
Park,458,Rajiv Gandhi Salai prince info tech park,,14,183,,,,,,
Park,459,Rajiv Gandhi Salai true value homes park,,14,183,,,,,,
Park,460,Rajiv Gandhi Salai HCL,,14,183,,,,,,
Park,461,Ramappa Nagar,,14,184,,,,,,
Park,462,Lakshman Nagar (CBI Colony) 2nd main Rd,,14,184,,,,,,
Park,463,Telephone Nagar 2nd cross street,,14,184,,,,,,
Park,464,Thiruvalluvar Street,,14,184,,,,,,
Park,465,VGP lay out 4th main road,,14,185,,,,,,
Park,466,Varalakshmi tech,,14,185,,,,,,
Park,467,Appolo Hospital P Ltd,,14,185,,,,,,
Park,468,Govindan Nagar,,14,185,,,,,,
Park,469,Venkateswara Nagar Park,,14,186,,,,,,
Park,470,Omathurai Street,,14,186,,,,,,
Park,471,Thirumalai Nagar 1st main road,,14,186,,,,,,
Park,472,Rajiv Nagar,,14,186,,,,,,
Park,473,Panchayat road jain anumitha flat park,,14,186,,,,,,
Park,474,Rajiv Nagar 1st Main Road Doshi flat park,,14,186,,,,,,
Park,475,"Mahatma Gandhi Park, Nehru 3rd street",,14,187,,,,,,
Park,476,Park Square Colony Park,,14,187,,,,,,
Park,477,Karthikeyapurm 6th street park,,14,187,,,,,,
Park,478,Ramamurthy Nagar 1st Main Road,,14,188,,,,,,
Park,479,Anna Nagar 5th Street,,14,188,,,,,,
Park,480,Rajalakshmi Nagar 1st Main Road,,14,188,,,,,,
Park,481,Rajesh Nagar Velachery Main Road park,,14,188,,,,,,
Park,482,Ram Nagar 8th Cross street Dhosi flat park,,14,188,,,,,,
Park,483,Astalakshmi Avnenue 1st street,,14,189,,,,,,
Park,484,I.I.T Colony 3rd Main road,,14,189,,,,,,
Park,485,Kamakotti Nagar 1st Street,,14,189,,,,,,
Park,486,"Herbal Park, Velachery Tambaram Main rd",,14,189,,,,,,
Park,487,"Tamarai Kulam, Velachery Tambaram Main rd",,14,189,,,,,,
Park,488,"Okiyam Thuraipakkam - Anand Nagar Main road, TVH Housing Park",,14,189,,,,,,
Park,489,"VGP Shanthi Nagar, Elango st park",,14,189,,,,,,
Park,490,"Arumugam Nagar, 3rd street",,14,189,,,,,,
Park,491,Chetti Nadu Housing Park - 1,,14,190,,,,,,
Park,492,Chetti Nadu Housing Park - 3,,14,190,,,,,,
Park,493,Jones foundation east (near Max worth Nagar),,14,190,,,,,,
Park,494,Jones foundation west (near Max worth Nagar),,14,190,,,,,,
Park,495,"Dr. Ambetkar Park, Kannabiran koil st",,14,190,,,,,,
Park,496,"Jayachandran nagar, 5th Main Road",,14,191,,,,,,
Park,497,"Selene Estate, Veerathamman Koil Street",,14,191,,,,,,
Park,498,Customs Colony Park,,15,193,,,,,,
Park,499,Sakthi Nagar main road park,,15,193,,,,,,
Park,500,Sai Nagar,,15,193,,,,,,
Park,501,RE Nagar Park,,15,193,,,,,,
Park,502,Secretariat colony 1st main road,,15,194,,,,,,
Park,503,Chandrasekar Avenue,,15,194,,,,,,
Park,504,Sakthi Srinivasan Road,,15,194,,,,,,
Park,505,PTC Quarters park,,15,194,,,,,,
Park,506,Annai Indira Gandhi road park,,15,195,,,,,,
Park,507,Kannagi Nagar 10th Cross Road (3 Aduku),,15,195,,,,,,
Park,508,Kannagi Nagar 7th Cross Street (2 Aduku),,15,195,,,,,,
Park,509,Kannagi Nagar 2nd Cross Street (3 Aduku),,15,195,,,,,,
Park,510,Rajiv Gandhi Salai park (Tecchi Park),,15,197,,,,,,
Park,511,New Kumaran Nagar,,15,197,,,,,,
Park,512,Central Park west park,,15,197,,,,,,
Park,513,Kumarasamy nagar park,,15,197,,,,,,
Park,514,VGP South Zone Part IV,,15,198,,,,,,
Park,515,Tamil Nadu Housing Board E12 Block,,15,198,,,,,,
Park,516,VGP 2nd main road park,,15,199,,,,,,
Park,517,TNSCB Chemmenchery 2nd main road,,15,200,,,,,,
Park,518,TNSCB Chemmenchery 33rd Cross Street,,15,200,,,,,,
Park,519,TNSCB Chemmenchery 1st Main Road,,15,200,,,,,,
Park,520,Workers Estate,,15,192,,,,,,
Park,521,VGP layout 2nd street,,15,196,,,,,,
Park,522,Elcot Road park,,15,197,,,,,,
Park,523,Ananth Nagar,,15,193,,,,,,
Park,524,Kannagi Nagar 9th Main Road,,15,195,,,,,,
Park,525,Neduncheyan street park,,15,197,,,,,,
