id,name,category,address,area,city,state,zip,country,phone,email,url,latitude,longitude,rating,rating_count,main_deity,facebook,instagram,linkedin,twitter,whatsapp,youtube,tiktok,source_file,has_coordinates
REL00001,Srirangam Srimath Andavan Ashramam,Ashrams,"NO: 31, DESIKACHARI ROAD, MYLAPORE,Mylapore, Behind Anjaneyar Koil, Alwarpet, Chennai, Tamil Nadu 600004, India",,Chennai,Tamil Nadu,600004,India,+91 44 2499 3658,info@andavan.org,http://andavan.org/,13.037317,80.258268,4.6,616,,https://www.facebook.com/andavanashramam/,https://www.instagram.com/andavan.ashramam/,,https://twitter.com/andavanashramam,,https://www.youtube.com/channel/UCKUQEMd9ZkGp1C82NQGySug,,sample-data-Ashrams.csv,True
REL00002,Sri Ramakrishna Math Chennai,Ashrams,"31, Ramakrishna Mutt Rd, Alamelu Manga Puram, Sankarapuram, Mylapore, Chennai, Tamil Nadu 600004, India",,Chennai,Tamil Nadu,600004,India,+91 44 2462 1110,mail@chennaimath.org,https://chennaimath.org/,13.031068,80.267508,4.8,514,,https://www.facebook.com/ramakrishnamath,https://www.instagram.com/ramakrishnamath/,,https://twitter.com/ramakrishnamath,,https://www.youtube.com/user/chennaimath,,sample-data-Ashrams.csv,True
REL00003,Sri Swami Chidbhavnanda Ashramam,Ashrams,"37MC+38F, Chatrapatti Road, Vedapuri, Theni, Tamil Nadu 625531, India",,Chennai,Tamil Nadu,625531,India,+91 4546 253 908,swamiomkarananda@gmail.com,http://vedaneri.org/,13.082691,80.270787,3.5,6,,https://www.facebook.com/vedaneri/,,,,,https://www.youtube.com/channel/UCnpgt-vD7stQAllAL5PRjXg/playlists,,sample-data-Ashrams.csv,True
REL00004,Sree Agam Ashram,Ashrams,"747, 3rd St, Judges Colony, S.Kolathur, Kovilambakkam, Chennai, Tamil Nadu 600117, India",,Chennai,Tamil Nadu,600117,India,+91 94898 89848,services@sreeagamashram.com,http://sreeagamashram.com/,12.949841,80.197287,0.0,0,,,,,,,,,sample-data-Ashrams.csv,True
REL00005,Sai Baba Gurukulam,Ashrams,"X4VQ+3XF, 2nd St, Mookambikai Nagar, Police Commissioner Colony, Pozhichalur, Chennai, Madanandapuram, Tamil Nadu 600074, India",,Chennai,Tamil Nadu,600074,India,+91 98400 60698,saibabagurukulam94@gmail.com,http://www.saibabagurukulam.com/,12.992694,80.139923,4.4,188,,,,,,,,,sample-data-Ashrams.csv,True
REL00006,"Sri Sarada Math, Chennai",Ashrams,"7, Raghaviah Road, Chennai, Tamil Nadu 600017, India",,Chennai,Tamil Nadu,600017,India,+91 44 2815 7837,saradamath@gmail.com,http://www.srisaradamath.org/chennai.php,13.043635,80.235477,4.7,35,,,,,,,,,sample-data-Ashrams.csv,True
REL00007,Ramaswamy Anbil,Ashrams,"Deccan Nest, 13, 12, CBI Colony Main Rd, Chennai, Tamil Nadu 600096, India",,Chennai,Tamil Nadu,600096,India,+91 97910 65020,ramanbil@hotmail.com,https://www.anbilramaswamy.org/about.html,12.966862,80.245134,0.0,0,,,,,,,,,sample-data-Ashrams.csv,True
REL00008,Sridatta Vasudhaiva KuṭUmbakaṃ,Ashrams,"C/o. Thiruvadi Seva Social Welfare Trust 'Gau Mata Sadan', Old # 48, New 97, 1st Floor Prakasam Salai, Broad Way, Alwarpet, Chennai, Tamil Nadu 600018, India",,Chennai,Tamil Nadu,600018,India,+91 98408 66238,,,13.035841,80.25094,0.0,0,,,,,,,,,sample-data-Ashrams.csv,True
REL00009,Brama Suthrakulu Raja Yoga Padasalai,Ashrams,"16B, Officers Colony, Ayanavaram, Chennai, Tamil Nadu 600023, India",,Chennai,Tamil Nadu,600023,India,+91 81222 79790,,,13.100077,80.230502,0.0,0,,,,,,,,,sample-data-Ashrams.csv,True
REL00010,Thirumayilai Sivagnana Nataraja Swamigal Ashramam,Ashrams,"Thirumayilai Sivagnana Nataraja Swamigal Ashramam, No.4, Chelliamman colony, Peravallore,, Chennai, Tamil Nadu 600082, India",,Chennai,Tamil Nadu,600082,India,+91 5178 621 518,,http://www.gnanayogamargam.com/,13.11967,80.226636,4.9,9,,,,,,,,,sample-data-Ashrams.csv,True
REL00011,குபேர பாபா..ஆத்ம லிங்க சித்தர் பீடம்,Gurudwaras,"7354+2M7, Adhigaara Nandhi Nagar, Tamil Nadu 606604, India",,Tiruvannamalai,Tamil Nadu,606604,India,,jhohumm@gmail.com,http://www.yaasha.in/,12.257624,79.05678,0.0,0,,https://www.facebook.com/jhohummm,,,,,https://www.youtube.com/channel/UCuDq3JSwRUJmFlf8czo-FNw,,sample-data-Gurudwaras.csv,True
REL00012,Gurudwara Sahib,Gurudwaras,"44F2+CRX, Bhaktavatsala Puram, Avadi, Tamil Nadu 600054, India",,Poonamalle,Tamil Nadu,600054,India,+91 281 447 7360,,,13.123615,80.102114,4.6,17,,,,,,,,,sample-data-Gurudwaras.csv,True
REL00013,Gurudwara Sahib Shri Guru Nanak Sat Sangh Sabha,Gurudwaras,"127A, Gopathi Narayanaswami Chetty Rd, Parthasarathi Puram, T. Nagar, Chennai, Tamil Nadu 600017, India",,Chennai,Tamil Nadu,600017,India,+91 44 2834 3509,,,13.050253,80.246364,4.8,1506,,,,,,,,,sample-data-Gurudwaras.csv,True
REL00014,Sri Guru Nanak Dham Gurudwara Sahib,Gurudwaras,"78Q6+2PX, Rameswaram, Tamil Nadu 623526, India",,Rameswaram,Tamil Nadu,623526,India,+91 4573 221 073,,,9.287613,79.311847,4.6,150,,,,,,,,,sample-data-Gurudwaras.csv,True
REL00015,Gurudwara Sahib,Gurudwaras,"Sahib, Gandhi Rd, Mittanemili, Chennai, Avadi, Tamil Nadu 600055, India",,Poonamalle,Tamil Nadu,600055,India,+91 11 2336 5486,,,13.151578,80.069811,4.6,60,,,,,,,,,sample-data-Gurudwaras.csv,True
REL00016,Gurdwara Bhagalpur,Gurudwaras,"V2Q6+9MP, Coimbatore, Tamil Nadu 641032, India",,Coimbatore,Tamil Nadu,641032,India,,,,10.888469,77.011705,0.0,0,,,,,,,,,sample-data-Gurudwaras.csv,True
REL00017,பத்திரகாளி அம்மன் கோவில்,Gurudwaras,"66M, USILAMPATTI, Palamedu, Mettupatti, Tamil Nadu 625503, India",,Chennai,Tamil Nadu,625503,India,,,,10.11975,78.134096,0.0,0,,,,,,,,,sample-data-Gurudwaras.csv,True
REL00018,Kumar,Gurudwaras,"1038, Keezhakondayampettai 1st St, Srinivasan Nagar, Thiruvanaikoil, Tiruchirappalli, Tamil Nadu 620006, India",,Tiruchirappalli,Tamil Nadu,620006,India,,,,10.855038,78.710518,0.0,0,,,,,,,,,sample-data-Gurudwaras.csv,True
REL00019,Ucp. Deepan,Gurudwaras,"82FH+52 K.K kuchu, Uchipuli, Enmanamkondan, Tamil Nadu 623534, India",,Ramanathapuram,Tamil Nadu,623534,India,,,,9.322905,79.027625,5.0,1,,,,,,,,,sample-data-Gurudwaras.csv,True
REL00020,Basill,Gurudwaras,"CWV7+345, Sathankulam, Tamil Nadu 628704, India",,Sathankulam,Tamil Nadu,628704,India,,,,8.442631,77.912867,0.0,0,,,,,,,,,sample-data-Gurudwaras.csv,True
REL00021,"Sri Jain Gujarati Wadi Bhavan, Bhidbhanjan Parshvanath Temple",Jain Temples,"99, Mint St, Trevelyan Basin, George Town, Chennai, Tamil Nadu 600001, India",,Chennai,Tamil Nadu,600001,India,+91 44 2529 1374,,,13.095808,80.280076,4.4,174,,,,,,,,,sample-data-Jain_temples.csv,True
REL00022,Sri Matru Pitru Smruthi Sri Sheetalnath-24 Thirthanker Jinalaya,Jain Temples,"75, Basin Bridge Rd, Basin Bridge, Railway Colony, Old Washermanpet, Chennai, Tamil Nadu 600021, India",,Chennai,Tamil Nadu,600021,India,+91 44 4853 5406,,,13.105224,80.27693,4.9,28,,,,,,,,,sample-data-Jain_temples.csv,True
REL00023,Jain Sanskar Vatika,Jain Temples,"138/66, Salama Purasawalkam, Perumal 1avenue Ave, Salama Nagar, Purasaiwakkam, Chennai, Tamil Nadu 600084, India",,Chennai,Tamil Nadu,600084,India,+91 89397 87948,,,13.087389,80.254914,4.5,4,,,,,,,,,sample-data-Jain_temples.csv,True
REL00024,Bhagawan Mahaveer Digambar Jain Temple,Jain Temples,"Bus Terminus, Vinyagar Kovil Street, New Colony Main Street, Near, Saidapet, Chennai, Tamil Nadu 600015, India",,Chennai,Tamil Nadu,600015,India,+91 98410 55783,,,13.023238,80.214315,4.5,49,,,,,,,,,sample-data-Jain_temples.csv,True
REL00025,1008 Sri Aadhinath Mahaveer Digambarar Jain Temple,Jain Temples,"127, Pillaiyar Koil St, Kolapakkam, Chennai, Tamil Nadu 600122, India",,Chennai,Tamil Nadu,600122,India,+91 98849 09599,,,13.011345,80.149117,4.9,18,,,,,,,,,sample-data-Jain_temples.csv,True
REL00026,Chandrapuri Chandraprabh Jain Temple,Jain Temples,"141, Anna Pillai St, Sowcarpet, Trevelyan Basin, George Town, Chennai, Tamil Nadu 600001, India",,Chennai,Tamil Nadu,600001,India,+91 44 2346 3104,,,13.093674,80.281622,4.6,198,,,,,,,,,sample-data-Jain_temples.csv,True
REL00027,Seth Kaluram Ratanlal Maloo Jain Bhavan,Jain Temples,"30, Venkatachalam St, Periyamedu, Choolai, Chennai, Tamil Nadu 600112, India",,Chennai,Tamil Nadu,600112,India,+91 44 2538 4748,,,13.088124,80.267079,4.2,353,,,,,,,,,sample-data-Jain_temples.csv,True
REL00028,Shri Jain Bhavan,Jain Temples,"No 2, 1st Lane, Portuguese Church Street, Thayapa, Seven Wells North, George Town, Chennai, Tamil Nadu 600001, India",,Chennai,Tamil Nadu,600001,India,+91 44 2526 4466,,http://jain.org.in/jainbhavans.html,13.101561,80.283981,4.4,5,,,,,,,,,sample-data-Jain_temples.csv,True
REL00029,Shree Shantinath Jain Shwetambar Temple,Jain Temples,"26WV+G6J, Gopathi Narayanaswami Chetty Road, T Nagar, Gopathi Narayanaswami Chetty Rd, T. Nagar, Chennai, Tamil Nadu 600017, India",,Chennai,Tamil Nadu,600017,India,+91 44 2815 1779,,,13.046331,80.243016,4.7,263,,,,,,,,,sample-data-Jain_temples.csv,True
REL00030,Chandraprabhu Digambar Jain Temple,Jain Temples,"34, Subramaniam St, Maskan Chavadi, Seven Wells South, George Town, Chennai, Tamil Nadu 600001, India",,Chennai,Tamil Nadu,600001,India,+91 44 2524 2319,,,13.097298,80.280787,4.5,106,,,,,,,,,sample-data-Jain_temples.csv,True
REL00031,Preston College Masjid Bilal,Mosques,"27P3+46W, Kavignar Bharathidasan Rd, Seetammal Colony, Seethammal Colony, Lubdhi Colony, Alwarpet, Chennai, Tamil Nadu 600018, India",,Chennai,Tamil Nadu,600018,India,+91 44 2435 3113,info@prestonchennai.ac.in,https://www.prestonchennai.ac.in/infrastructure/,13.035366,80.253081,4.7,250,,https://www.facebook.com/Preston-International-College-215135201846661/,https://www.instagram.com/prestoninternationalcollege/?hl=en,,,,https://www.youtube.com/c/PrestonInternationalCollege,,sample-data-Mosques.csv,True
REL00032,The New College Mosque,Mosques,"3735+8QQ, Peter's Rd, Peters Colony, Royapettah, Chennai, Tamil Nadu 600014, India",,Chennai,Tamil Nadu,600014,India,+91 44 2835 1269,thenewcollege600014@gmail.com,https://thenewcollege.edu.in/mosque.php,13.053334,80.259479,4.9,495,,https://www.facebook.com/newcollege1951/,https://instagram.com/the.newcollege?igshid=nnrhlqw4y121,https://www.linkedin.com/school/thenewcollege/,,,https://www.youtube.com/channel/UCJvRu_5iaYYF9kzYIIzU2mg,,sample-data-Mosques.csv,True
REL00033,Masjid-E-Kaleel,Mosques,"473G+9VC, Munniappa Street, Peddu Street, near Mint Bus Stand, Kondithope, Chennai, Tamil Nadu 600079, India",,Chennai,Tamil Nadu,600079,India,+91 94443 10312,.....mtj313@msn.com,http://masjeed.blogspot.in/,13.10343,80.277143,3.6,19,,https://www.facebook.com/MuslimsHistoryandCivilization,,,,,,,sample-data-Mosques.csv,True
REL00034,Anjuman-E-Himayath-E-Islam Masjid,Mosques,"Shop No: 16, B.N Reddy Road, off Vijaya Raghava Road, Lakshimi Colony, T. Nagar, Chennai, Tamil Nadu 600017, India",,Chennai,Tamil Nadu,600017,India,+91 44 4901 4555,gskmasud@gmail.com,http://www.anjhimayath.com/,13.043783,80.244998,4.7,1015,,https://www.facebook.com/pages/Anjhimayath/285117974961451,,http://in.linkedin.com/pub/anjuman-himayath/78/659/448/,https://twitter.com/anjhimayath,,http://www.youtube.com/channel/UCvhiB4ljfBcq98oJty7DHqw/discussion,,sample-data-Mosques.csv,True
REL00035,Masjidul Huda,Mosques,"37WR+64J, Linghi Chetty Street, Mannadi, George Town, Chennai, Tamil Nadu 600001, India",,Chennai,Tamil Nadu,600001,India,+91 44 2524 7866,muftiomar@gmail.com,http://www.darulhuda.net/,13.095596,80.290252,4.5,10,,https://www.facebook.com/Darul-Huda-Publication-134202593299656/,,,https://twitter.com/home?status=http://www.darulhuda.net/sermons/%e0%ae%87%e0%ae%b8%e0%af%8d%e0%ae%b2%e0%ae%be%e0%ae%ae%e0%ae%bf%e0%ae%af%e0%ae%95%e0%af%8d-%e0%ae%95%e0%af%8a%e0%ae%b3%e0%af%8d%e0%ae%95%e0%af%88-%e0%ae%9a%e0%ae%bf%e0%ae%b1%e0%ae%aa%e0%af%8,,https://www.youtube.com/darulhudanet,,sample-data-Mosques.csv,True
REL00036,Masjid E Farkhunda,Mosques,"1/3, Mosque St, Minakshi Ammanpet, Royapuram, Chennai, Tamil Nadu 600013, India",,Chennai,Tamil Nadu,600013,India,+91 44 2590 4936,qjm313@hotmail.com,http://masjid-construction.blogspot.in/,13.10764,80.29044,4.6,54,,,,,,,,,sample-data-Mosques.csv,True
REL00037,Royapuram Jamia Masjid,Mosques,"23A/18, Andiappan Gramini St, Pudumanaikuppam, Royapuram, Chennai, Tamil Nadu 600013, India",,Chennai,Tamil Nadu,600013,India,,qjm313@hotmail.com,http://masjid-construction.blogspot.in/,13.108821,80.293866,4.7,107,,,,,,,,,sample-data-Mosques.csv,True
REL00038,Masjidhun Noor,Mosques,"32-A, 6th St, Mosque Colony, Maduvinkarai, Guindy, Chennai, Ramapuram, Tamil Nadu 600032, India",,Chennai,Tamil Nadu,600032,India,,mssait68@gmail.com,http://www.masjidhunnoor.com/,12.999162,80.208908,4.6,140,,https://www.facebook.com/masjidhunnoorchennai,,,,,,,sample-data-Mosques.csv,True
REL00039,Anjuman E Mohammedi Masjid,Mosques,"35-39, Rangadoss Colony, Janakiraman Colony, Villivakkam, Chennai, Tamil Nadu 600049, India",,Chennai,Tamil Nadu,600049,India,,anjumanvillivakkam@gmail.com,https://anjumanmasjid.org/,13.116607,80.207965,4.7,96,,,,,,,,,sample-data-Mosques.csv,True
REL00040,Masjid E Noor,Mosques,"66, Narayana Mudali Street, Sowcarpet, George Town, Chennai, Tamil Nadu 600001, India",,Chennai,Tamil Nadu,600001,India,,mssait68@gmail.com,http://www.masjidhunnoor.com/,13.090652,80.27962,4.7,66,,https://www.facebook.com/masjidhunnoorchennai,,,,,,,sample-data-Mosques.csv,True
REL00041,Our Saviour Church,Christian Churches,"OSC CHURCH, No. 35, 3rd west OSC church street, Chendurpuram, Indira Nagar, Kattupakkam, Chennai, Tamil Nadu 600056, India",,Chennai,Tamil Nadu,600056,India,+91 72994 67435,osclinen@gmail.com,https://www.oscchennai.org/,13.03705,80.122809,4.8,13,,http://www.facebook.com/OSC-LINEN-Ministries-115114420188699,https://www.instagram.com/osc_linen_ministries/,http://www.linkedin.com/in/OSCLinenMinistries,https://mobile.twitter.com/osclinen,,https://www.youtube.com/channel/UCAe6ZlLMbehw0ZhBD3c-TBg,,sample-data-Christian_churches.csv,True
REL00042,Divine Delight Church,Christian Churches,"J Block, 30, 6th St, Padi Pudur Nagar, Anna Nagar West, Anna Nagar West Extension, Chennai, Tamil Nadu 600050, India",,Chennai,Tamil Nadu,600050,India,+91 99406 28398,norahsabel@gmail.com,http://divinedelightchurch.com/,13.084575,80.189422,5.0,9,,https://www.facebook.com/divinedelightchurch,https://instagram.com/divine_delight_church_?igshid=NTc4MTIwNjQ2YQ==,,,,,,sample-data-Christian_churches.csv,True
REL00043,World Harvest Church,Christian Churches,"2743+PCW, Gandhi Nagar 1st Main Road, Gandhi Nagar, Adyar, Chennai, Tamil Nadu 600020, India",,Chennai,Tamil Nadu,600020,India,+91 95660 72270,info@whcmy.com,http://www.whcmy.com/,13.006874,80.253583,4.7,13,,https://www.facebook.com/whcmy/,//instagram.com/whcmy,,,,https://www.youtube.com/channel/UCv-UxUPl1Z2BBSPRMvHHVAg/featured,,sample-data-Christian_churches.csv,True
REL00044,Apostolic Faith Church,Christian Churches,"No:375 3rd Street Velachery, West, Dr.Ambedkar Nagar, Adambakkam, Chennai, Tamil Nadu 600088, India",,Chennai,Tamil Nadu,600088,India,+91 94443 42860,afmiindia@gmail.com,http://apostolicfaith.in/,12.991451,80.207994,4.9,7,,https://www.facebook.com/sharer.php?u=http://apostolicfaith.in/%e0%ae%ae%e0%af%81%e0%ae%a4%e0%ae%b2%e0%af%8d-%e0%ae%85%e0%ae%b1%e0%af%8d%e0%ae%aa%e0%af%81%e0%ae%a4%e0%ae%ae%e0%af%8d-faith-time/,,,http://twitter.com/share?url=http://apostolicfaith.in/%e0%ae%ae%e0%af%81%e0%ae%a4%e0%ae%b2%e0%af%8d-%e0%ae%85%e0%ae%b1%e0%af%8d%e0%ae%aa%e0%af%81%e0%ae%a4%e0%ae%ae%e0%af%8d-faith-time/&text=%E0%AE%AE%E0%AF%81%E0%AE%A4%E0%AE%B2%E0%AF%8D%20%E0%AE%85%E0%AE%B,,https://www.youtube.com/watch?v=R2CdymOmv_U,,sample-data-Christian_churches.csv,True
REL00045,"Maranatha Full Gospel Church,Royapuram",Christian Churches,"475W+X45, N Madha Church St, Panaimarathotti, Pudumanaikuppam, Royapuram, Chennai, Tamil Nadu 600013, India",,Chennai,Tamil Nadu,600013,India,+91 90031 38164,info@maranatha-royapuram.com,http://www.maranatha-royapuram.com/,13.109898,80.295348,4.2,6,,https://www.facebook.com/maranatharoyapuram/,,,,,https://www.youtube.com/channel/UCW8wBSxDUDTD0d3jx7HpwTQ,,sample-data-Christian_churches.csv,True
REL00046,Echo Of His Call Ministries,Christian Churches,"Mohammed Abdullah 2nd Street, Chepauk, ---, Bells Rd, Triplicane, Chennai, Tamil Nadu 600005, India",,Chennai,Tamil Nadu,600005,India,+91 44 2852 8282,echosamselvaraj@gmail.com,http://www.echoofhiscall.org/,13.064586,80.277784,4.4,10,,,,,,,,,sample-data-Christian_churches.csv,True
REL00047,Okkiyampet Christian Brethren Assembly,Christian Churches,"5/232, Madha Koil St, Vivekananda Nagar, Thoraipakkam, Tamil Nadu 600097, India",,Chennai,Tamil Nadu,600097,India,+91 98415 50467,cbftrust2017@gmail.com,http://www.cbftrust.com/,12.925296,80.233064,4.6,9,,,,,,,,,sample-data-Christian_churches.csv,True
REL00048,Living Christian Faith Assembly,Christian Churches,"58, Melpatti Ponnappan St, Kakkanji Colony, Chinnaiyan Colony, Perambur, Chennai, Tamil Nadu 600039, India",,Chennai,Tamil Nadu,600039,India,+91 94443 83713,support@chennai.com,http://chennai.com/,13.115254,80.248074,4.7,14,,,,,,,,,sample-data-Christian_churches.csv,True
REL00049,Elim Glorious Revival Church,Christian Churches,"363J+756, Railway Border Rd, Taylor Estate, Kodambakkam, Chennai, Tamil Nadu 600024, India",,Chennai,Tamil Nadu,600024,India,+91 99628 39052,support@elimgrc.com,http://appamonline.com/,13.053157,80.230402,4.9,140,,,,,,https://wa.me/+919962839052,https://www.youtube.com/user/ElimGRC/featured,,sample-data-Christian_churches.csv,True
REL00050,"The Salvation Army Central Corps, Choolai.",Christian Churches,"21, GF, Thiru Narayana Guru Rd, Choolai, Chennai, Tamil Nadu 600112, India",,Chennai,Tamil Nadu,600112,India,,ict.mail@ict.salvationarmy.org,https://www.salvationarmy.org/india/central,13.08775,80.260209,4.2,22,,,,,https://twitter.com/TSA_IND,,http://www.youtube.com/user/TheSAIndia,,sample-data-Christian_churches.csv,True
REL00051,"Kapaleeswarar Temple, Mylapore",Hindu Temples,"Kapaleeswarar Temple, Mylapore, Chennai - 600004",Mylapore,Chennai,Tamil Nadu,600004,India,,,,,,,0,Shiva,,,,,,,,temple.csv,False
REL00052,"Kolavizhiamman Temple, Mylapore",Hindu Temples,"Kolavizhiamman Temple, Mylapore, Chennai - 600004",Mylapore,Chennai,Tamil Nadu,600004,India,,,,,,,0,Amman,,,,,,,,temple.csv,False
REL00053,"Agasthiyar Temple, Thiyagaraya Nagar",Hindu Temples,"Agasthiyar Temple, Thiyagaraya Nagar, Chennai - 600017",Thiyagaraya Nagar,Chennai,Tamil Nadu,600017,India,,,,,,,0,Other,,,,,,,,temple.csv,False
REL00054,"Valeeswarar Temple, Mylapore",Hindu Temples,"Valeeswarar Temple, Mylapore, Chennai - 600004",Mylapore,Chennai,Tamil Nadu,600004,India,,,,,,,0,Shiva,,,,,,,,temple.csv,False
REL00055,"Parthasarathy Swamy Temple, Triplicane",Hindu Temples,"Parthasarathy Swamy Temple, Triplicane, Chennai - 600005",Triplicane,Chennai,Tamil Nadu,600005,India,,,,,,,0,Swamy,,,,,,,,temple.csv,False
REL00056,"Vadapalani Andavar Temple, Vadapalani",Hindu Temples,"Vadapalani Andavar Temple, Vadapalani, Chennai - 600026",Vadapalani,Chennai,Tamil Nadu,600026,India,,,,,,,0,Other,,,,,,,,temple.csv,False
REL00057,"Angala Parameswari Temple, Vadapalani",Hindu Temples,"Angala Parameswari Temple, Vadapalani, Chennai - 600026",Vadapalani,Chennai,Tamil Nadu,600026,India,,,,,,,0,Shiva,,,,,,,,temple.csv,False
REL00058,"Kasiwishvanathan Temple, Paraigimalai",Hindu Temples,"Kasiwishvanathan Temple, Paraigimalai, Chennai - 600016",Paraigimalai,Chennai,Tamil Nadu,600016,India,,,,,,,0,Other,,,,,,,,temple.csv,False
REL00059,"Bharathwajeswar Temple, Puliyur",Hindu Temples,"Bharathwajeswar Temple, Puliyur, Chennai - 600024",Puliyur,Chennai,Tamil Nadu,600024,India,,,,,,,0,Shiva,,,,,,,,temple.csv,False
REL00060,"Karabathira Samy Temple, Vysarpadi",Hindu Temples,"Karabathira Samy Temple, Vysarpadi, Chennai - 600039",Vysarpadi,Chennai,Tamil Nadu,600039,India,,,,,,,0,Other,,,,,,,,temple.csv,False
REL00061,"Kulanthai Muthu Kumara Swamy Temple, Alwarpettai",Hindu Temples,"Kulanthai Muthu Kumara Swamy Temple, Alwarpettai, Chennai - 600004",Alwarpettai,Chennai,Tamil Nadu,600004,India,,,,,,,0,Swamy,,,,,,,,temple.csv,False
REL00062,"Aathimoolaperumal Temple, Vadapalani",Hindu Temples,"Aathimoolaperumal Temple, Vadapalani, Chennai - 600026",Vadapalani,Chennai,Tamil Nadu,600026,India,,,,,,,0,Perumal,,,,,,,,temple.csv,False
REL00063,"Devi Thirumani Amman Temple, Anna Nagar",Hindu Temples,"Devi Thirumani Amman Temple, Anna Nagar, Chennai - 600040",Anna Nagar,Chennai,Tamil Nadu,600040,India,,,,,,,0,Amman,,,,,,,,temple.csv,False
REL00064,"Devi Periya Palayathamman Temple, Arumbakkam",Hindu Temples,"Devi Periya Palayathamman Temple, Arumbakkam, Chennai - 600106",Arumbakkam,Chennai,Tamil Nadu,600106,India,,,,,,,0,Amman,,,,,,,,temple.csv,False
REL00065,"Masilmaneeswarar Temple, Thirumullaivoyal",Hindu Temples,"Masilmaneeswarar Temple, Thirumullaivoyal, Chennai - 600062",Thirumullaivoyal,Chennai,Tamil Nadu,600062,India,,,,,,,0,Shiva,,,,,,,,temple.csv,False
REL00066,"Subramaniya Swamy Temple, Ambattur",Hindu Temples,"Subramaniya Swamy Temple, Ambattur, Chennai - 600053",Ambattur,Chennai,Tamil Nadu,600053,India,,,,,,,0,Swamy,,,,,,,,temple.csv,False
REL00067,"Mundgakanni Amman Temple, Mylapore",Hindu Temples,"Mundgakanni Amman Temple, Mylapore, Chennai - 600004",Mylapore,Chennai,Tamil Nadu,600004,India,,,,,,,0,Amman,,,,,,,,temple.csv,False
REL00068,"Thiruvalluvar Temple, Mylapore",Hindu Temples,"Thiruvalluvar Temple, Mylapore, Chennai - 600004",Mylapore,Chennai,Tamil Nadu,600004,India,,,,,,,0,Other,,,,,,,,temple.csv,False
REL00069,"Adivyadhihara Bagtha Anjaneyar Temple, Nanganallur, Athambakkam",Hindu Temples,"Adivyadhihara Bagtha Anjaneyar Temple, Nanganallur, Athambakkam, Chennai - 600061","Nanganallur, Athambakkam",Chennai,Tamil Nadu,600061,India,,,,,,,0,Anjaneya,,,,,,,,temple.csv,False
REL00070,"Virubacheeswarar Temple, Mylapore",Hindu Temples,"Virubacheeswarar Temple, Mylapore, Chennai - 600004",Mylapore,Chennai,Tamil Nadu,600004,India,,,,,,,0,Shiva,,,,,,,,temple.csv,False
REL00071,"Malleeswarar Temple, Mylapore",Hindu Temples,"Malleeswarar Temple, Mylapore, Chennai - 600004",Mylapore,Chennai,Tamil Nadu,600004,India,,,,,,,0,Shiva,,,,,,,,temple.csv,False
REL00072,"Darmaraja Temple, Mylapore",Hindu Temples,"Darmaraja Temple, Mylapore, Chennai - 600004",Mylapore,Chennai,Tamil Nadu,600004,India,,,,,,,0,Other,,,,,,,,temple.csv,False
REL00073,"Veerabatraswamy Temple, Mylapore",Hindu Temples,"Veerabatraswamy Temple, Mylapore, Chennai - 600004",Mylapore,Chennai,Tamil Nadu,600004,India,,,,,,,0,Swamy,,,,,,,,temple.csv,False
REL00074,"Sakthivigneswarar Temple, Mylapore",Hindu Temples,"Sakthivigneswarar Temple, Mylapore, Chennai - 600004",Mylapore,Chennai,Tamil Nadu,600004,India,,,,,,,0,Shiva,,,,,,,,temple.csv,False
REL00075,"Manickavinayagar Temple, Mylapore",Hindu Temples,"Manickavinayagar Temple, Mylapore, Chennai - 600004",Mylapore,Chennai,Tamil Nadu,600004,India,,,,,,,0,Vinayagar,,,,,,,,temple.csv,False
REL00076,"Payandiyamman Temple, Triplicane",Hindu Temples,"Payandiyamman Temple, Triplicane, Chennai - 600005",Triplicane,Chennai,Tamil Nadu,600005,India,,,,,,,0,Amman,,,,,,,,temple.csv,False
REL00077,"Om Sarva Sakthi Vinayagar Temple, Mylapore",Hindu Temples,"Om Sarva Sakthi Vinayagar Temple, Mylapore, Chennai - 600004",Mylapore,Chennai,Tamil Nadu,600004,India,,,,,,,0,Vinayagar,,,,,,,,temple.csv,False
REL00078,"Manicka Vinayagar Temple, Royapettah",Hindu Temples,"Manicka Vinayagar Temple, Royapettah, Chennai - 600014",Royapettah,Chennai,Tamil Nadu,600014,India,,,,,,,0,Vinayagar,,,,,,,,temple.csv,False
REL00079,"Vinaitheertha Vinayagar Temple, Villivakkam",Hindu Temples,"Vinaitheertha Vinayagar Temple, Villivakkam, Chennai - 600049",Villivakkam,Chennai,Tamil Nadu,600049,India,,,,,,,0,Vinayagar,,,,,,,,temple.csv,False
REL00080,"Madhava Perumal Temple, Mylapore",Hindu Temples,"Madhava Perumal Temple, Mylapore, Chennai - 600004",Mylapore,Chennai,Tamil Nadu,600004,India,,,,,,,0,Perumal,,,,,,,,temple.csv,False
REL00081,"Karaneeswar Temple, Mylapore",Hindu Temples,"Karaneeswar Temple, Mylapore, Chennai - 600004",Mylapore,Chennai,Tamil Nadu,600004,India,,,,,,,0,Shiva,,,,,,,,temple.csv,False
REL00082,"Sengkazhuneer Pillayar Temple, Mylapore",Hindu Temples,"Sengkazhuneer Pillayar Temple, Mylapore, Chennai - 600004",Mylapore,Chennai,Tamil Nadu,600004,India,,,,,,,0,Other,,,,,,,,temple.csv,False
REL00083,"Vadakoor Selvavinayagar Temple, Mylapore",Hindu Temples,"Vadakoor Selvavinayagar Temple, Mylapore, Chennai - 600004",Mylapore,Chennai,Tamil Nadu,600004,India,,,,,,,0,Vinayagar,,,,,,,,temple.csv,False
REL00084,"Thillai Vinayagar Temple, Mylapore",Hindu Temples,"Thillai Vinayagar Temple, Mylapore, Chennai - 600004",Mylapore,Chennai,Tamil Nadu,600004,India,,,,,,,0,Vinayagar,,,,,,,,temple.csv,False
REL00085,"Siddi Puthi Vinayagar Temple, Abiramapuram, Mylapore",Hindu Temples,"Siddi Puthi Vinayagar Temple, Abiramapuram, Mylapore, Chennai - 600018","Abiramapuram, Mylapore",Chennai,Tamil Nadu,600018,India,,,,,,,0,Vinayagar,,,,,,,,temple.csv,False
REL00086,"Sundararaja Perumal And Anjaneeya Swamy Temple, Choolai",Hindu Temples,"Sundararaja Perumal and Anjaneeya Swamy Temple, Choolai, Chennai - 600112",Choolai,Chennai,Tamil Nadu,600112,India,,,,,,,0,Perumal,,,,,,,,temple.csv,False
REL00087,"Dharmaraja Vempuliamman Temple, Choolai",Hindu Temples,"Dharmaraja Vempuliamman Temple, Choolai, Chennai - 600112",Choolai,Chennai,Tamil Nadu,600112,India,,,,,,,0,Amman,,,,,,,,temple.csv,False
REL00088,"Kanda Samy Adhi Moottaiamman Temple, Kosapet",Hindu Temples,"Kanda Samy Adhi Moottaiamman Temple, Kosapet, Chennai - 600012",Kosapet,Chennai,Tamil Nadu,600012,India,,,,,,,0,Amman,,,,,,,,temple.csv,False
REL00089,"Srinivasa Perumal Temple, Choolai",Hindu Temples,"Srinivasa Perumal Temple, Choolai, Chennai - 600112",Choolai,Chennai,Tamil Nadu,600112,India,,,,,,,0,Perumal,,,,,,,,temple.csv,False
REL00090,"Vinaithirtha Vinayagar Temple, Kosapet",Hindu Temples,"Vinaithirtha Vinayagar Temple, Kosapet, Chennai - 600012",Kosapet,Chennai,Tamil Nadu,600012,India,,,,,,,0,Vinayagar,,,,,,,,temple.csv,False
REL00091,"Pedari Seliamman Mahalakshmi Mariamman Temple, Madhavaram",Hindu Temples,"Pedari Seliamman Mahalakshmi Mariamman Temple, Madhavaram, Chennai - 600060",Madhavaram,Chennai,Tamil Nadu,600060,India,,,,,,,0,Amman,,,,,,,,temple.csv,False
REL00092,"Elliamman Temple, Pattalam",Hindu Temples,"Elliamman Temple, Pattalam, Chennai - 600012",Pattalam,Chennai,Tamil Nadu,600012,India,,,,,,,0,Amman,,,,,,,,temple.csv,False
REL00093,"Singara Velavar Temple, Erukkancheri",Hindu Temples,"Singara Velavar Temple, Erukkancheri, Chennai - 600118",Erukkancheri,Chennai,Tamil Nadu,600118,India,,,,,,,0,Other,,,,,,,,temple.csv,False
REL00094,"Kamatchiamman Vakaiara Temple, Erukkancheri",Hindu Temples,"Kamatchiamman Vakaiara Temple, Erukkancheri, Chennai - 600118",Erukkancheri,Chennai,Tamil Nadu,600118,India,,,,,,,0,Amman,,,,,,,,temple.csv,False
REL00095,"Sidhi Budhi Vinayakar And Sundareswarar Temple, Royapetta",Hindu Temples,"Sidhi Budhi Vinayakar and Sundareswarar Temple, Royapetta, Chennai - 600014",Royapetta,Chennai,Tamil Nadu,600014,India,,,,,,,0,Vinayagar,,,,,,,,temple.csv,False
REL00096,"Periyapalayathamman Temple, Royapetta",Hindu Temples,"Periyapalayathamman Temple, Royapetta, Chennai - 600014",Royapetta,Chennai,Tamil Nadu,600014,India,,,,,,,0,Amman,,,,,,,,temple.csv,False
REL00097,"Sivasakthi Vinayagar Temple, Chepuke, Mylapore",Hindu Temples,"Sivasakthi Vinayagar Temple, Chepuke, Mylapore, Chennai - 600005","Chepuke, Mylapore",Chennai,Tamil Nadu,600005,India,,,,,,,0,Vinayagar,,,,,,,,temple.csv,False
REL00098,"Anbupuri Amman Temple, Triplicane",Hindu Temples,"Anbupuri Amman Temple, Triplicane, Chennai - 600002",Triplicane,Chennai,Tamil Nadu,600002,India,,,,,,,0,Amman,,,,,,,,temple.csv,False
REL00099,"Nageswari Amman Temple, Triplicane",Hindu Temples,"Nageswari Amman Temple, Triplicane, Chennai - 600005",Triplicane,Chennai,Tamil Nadu,600005,India,,,,,,,0,Amman,,,,,,,,temple.csv,False
REL00100,"Srinivasa Perumal Temple, Egmore",Hindu Temples,"Srinivasa Perumal Temple, Egmore, Chennai - 600008",Egmore,Chennai,Tamil Nadu,600008,India,,,,,,,0,Perumal,,,,,,,,temple.csv,False
REL00101,"Selva Vinayagar Temple, Egmore",Hindu Temples,"Selva Vinayagar Temple, Egmore, Chennai - 600008",Egmore,Chennai,Tamil Nadu,600008,India,,,,,,,0,Vinayagar,,,,,,,,temple.csv,False
REL00102,"Ponniamman Vagaiyara Temple, Egmore",Hindu Temples,"Ponniamman Vagaiyara Temple, Egmore, Chennai - 600008",Egmore,Chennai,Tamil Nadu,600008,India,,,,,,,0,Amman,,,,,,,,temple.csv,False
REL00103,"Devi Periyapalayathamman Temple, Vadapalani",Hindu Temples,"Devi Periyapalayathamman Temple, Vadapalani, Chennai - 600026",Vadapalani,Chennai,Tamil Nadu,600026,India,,,,,,,0,Amman,,,,,,,,temple.csv,False
REL00104,"Om Navasakthi Vinayagar Temple, Kilpauk",Hindu Temples,"Om Navasakthi Vinayagar Temple, Kilpauk, Chennai - 600010",Kilpauk,Chennai,Tamil Nadu,600010,India,,,,,,,0,Vinayagar,,,,,,,,temple.csv,False
REL00105,"Karumariyamman Temple, Chetpet",Hindu Temples,"Karumariyamman Temple, Chetpet, Chennai - 600031",Chetpet,Chennai,Tamil Nadu,600031,India,,,,,,,0,Amman,,,,,,,,temple.csv,False
REL00106,"Maga Kaliyamman Temple, Virugambakkam",Hindu Temples,"Maga Kaliyamman Temple, Virugambakkam, Chennai - 600092",Virugambakkam,Chennai,Tamil Nadu,600092,India,,,,,,,0,Amman,,,,,,,,temple.csv,False
REL00107,"Ellamman Temple, Periyamet",Hindu Temples,"Ellamman Temple, Periyamet, Chennai - 600003",Periyamet,Chennai,Tamil Nadu,600003,India,,,,,,,0,Amman,,,,,,,,temple.csv,False
REL00108,"Varasithi Vinayagar Temple, Periyamet",Hindu Temples,"Varasithi Vinayagar Temple, Periyamet, Chennai - 600003",Periyamet,Chennai,Tamil Nadu,600003,India,,,,,,,0,Vinayagar,,,,,,,,temple.csv,False
REL00109,"Prasanna Kodhanda Ramar Temple, Periyamet",Hindu Temples,"Prasanna Kodhanda Ramar Temple, Periyamet, Chennai - 600003",Periyamet,Chennai,Tamil Nadu,600003,India,,,,,,,0,Other,,,,,,,,temple.csv,False
REL00110,"Rathina Vinayagar And Durgai Amman Temple, Rayapettai",Hindu Temples,"Rathina Vinayagar and Durgai Amman Temple, Rayapettai, Chennai - 600014",Rayapettai,Chennai,Tamil Nadu,600014,India,,,,,,,0,Vinayagar,,,,,,,,temple.csv,False
REL00111,"Varasithi Vinayagar Temple, Alwarpet",Hindu Temples,"Varasithi Vinayagar Temple, Alwarpet, Chennai - 600086",Alwarpet,Chennai,Tamil Nadu,600086,India,,,,,,,0,Vinayagar,,,,,,,,temple.csv,False
REL00112,"Selva Vinayagar Temple, Rayapettai",Hindu Temples,"Selva Vinayagar Temple, Rayapettai, Chennai - 600014",Rayapettai,Chennai,Tamil Nadu,600014,India,,,,,,,0,Vinayagar,,,,,,,,temple.csv,False
REL00113,"Ellaiyamman Temple, Vellala Thenampettai",Hindu Temples,"Ellaiyamman Temple, Vellala Thenampettai, Chennai - 600086",Vellala Thenampettai,Chennai,Tamil Nadu,600086,India,,,,,,,0,Amman,,,,,,,,temple.csv,False
REL00114,"Prasanna Vinayagar Temple, Pudupet",Hindu Temples,"Prasanna Vinayagar Temple, Pudupet, Chennai - 600014",Pudupet,Chennai,Tamil Nadu,600014,India,,,,,,,0,Vinayagar,,,,,,,,temple.csv,False
REL00115,"Mahalakshmi Temple, Besant Nagar",Hindu Temples,"Mahalakshmi Temple, Besant Nagar, Chennai - 600090",Besant Nagar,Chennai,Tamil Nadu,600090,India,,,,,,,0,Other,,,,,,,,temple.csv,False
REL00116,"Sundara Vinayagar Temple, Adyar",Hindu Temples,"Sundara Vinayagar Temple, Adyar, Chennai - 600020",Adyar,Chennai,Tamil Nadu,600020,India,,,,,,,0,Vinayagar,,,,,,,,temple.csv,False
REL00117,"Karaneeswarar Temple, Saidapet",Hindu Temples,"Karaneeswarar Temple, Saidapet, Chennai - 600015",Saidapet,Chennai,Tamil Nadu,600015,India,,,,,,,0,Shiva,,,,,,,,temple.csv,False
REL00118,"Dharmaraja Temple, Saidapet",Hindu Temples,"Dharmaraja Temple, Saidapet, Chennai - 600015",Saidapet,Chennai,Tamil Nadu,600015,India,,,,,,,0,Other,,,,,,,,temple.csv,False
REL00119,"Veera Anjaneyar Temple, Guindy",Hindu Temples,"Veera Anjaneyar Temple, Guindy, Chennai - 600032",Guindy,Chennai,Tamil Nadu,600032,India,,,,,,,0,Anjaneya,,,,,,,,temple.csv,False
REL00120,"Agatheeswarar Prasanna Venkatesa Perumal Temple, Nungambakkam",Hindu Temples,"Agatheeswarar Prasanna Venkatesa Perumal Temple, Nungambakkam, Chennai - 600034",Nungambakkam,Chennai,Tamil Nadu,600034,India,,,,,,,0,Perumal,,,,,,,,temple.csv,False
REL00121,"Karkodiamman Temple, Nungambakkam",Hindu Temples,"Karkodiamman Temple, Nungambakkam, Chennai - 600034",Nungambakkam,Chennai,Tamil Nadu,600034,India,,,,,,,0,Amman,,,,,,,,temple.csv,False
REL00122,"Sivasubramania Swamy Temple, Nungambakkam",Hindu Temples,"Sivasubramania Swamy Temple, Nungambakkam, Chennai - 600034",Nungambakkam,Chennai,Tamil Nadu,600034,India,,,,,,,0,Swamy,,,,,,,,temple.csv,False
REL00123,"Vinai Theertha Vinayagar Temple, Kodambakkam",Hindu Temples,"Vinai Theertha Vinayagar Temple, Kodambakkam, Chennai - 600024",Kodambakkam,Chennai,Tamil Nadu,600024,India,,,,,,,0,Vinayagar,,,,,,,,temple.csv,False
REL00124,"Vinai Theertha Vinayagar Adhi Thulirkavanathamman Temple, Nungambakkam",Hindu Temples,"Vinai Theertha Vinayagar Adhi Thulirkavanathamman Temple, Nungambakkam, Chennai - 600034",Nungambakkam,Chennai,Tamil Nadu,600034,India,,,,,,,0,Vinayagar,,,,,,,,temple.csv,False
REL00125,"Thiruveethiamman Temple, Nungambakkam",Hindu Temples,"Thiruveethiamman Temple, Nungambakkam, Chennai - 600034",Nungambakkam,Chennai,Tamil Nadu,600034,India,,,,,,,0,Amman,,,,,,,,temple.csv,False
REL00126,"Karumari Amman Vagaiyara Temple, Choolaimedu",Hindu Temples,"Karumari Amman Vagaiyara Temple, Choolaimedu, Chennai - 600094",Choolaimedu,Chennai,Tamil Nadu,600094,India,,,,,,,0,Amman,,,,,,,,temple.csv,False
REL00127,"Vijaya Vinayagar Temple, Nungambakkam",Hindu Temples,"Vijaya Vinayagar Temple, Nungambakkam, Chennai - 600034",Nungambakkam,Chennai,Tamil Nadu,600034,India,,,,,,,0,Vinayagar,,,,,,,,temple.csv,False
REL00128,"Asalathamman Temple, Nungambakkam",Hindu Temples,"Asalathamman Temple, Nungambakkam, Chennai - 600034",Nungambakkam,Chennai,Tamil Nadu,600034,India,,,,,,,0,Amman,,,,,,,,temple.csv,False
REL00129,"Prasanna Venkatesa Perumal Temple, Nungambakkam",Hindu Temples,"Prasanna Venkatesa Perumal Temple, Nungambakkam, Chennai - 600034",Nungambakkam,Chennai,Tamil Nadu,600034,India,,,,,,,0,Perumal,,,,,,,,temple.csv,False
REL00130,"Thiyagaraja Swamy Temple, Thiruvottiyur",Hindu Temples,"Thiyagaraja Swamy Temple, Thiruvottiyur, Chennai - 600019",Thiruvottiyur,Chennai,Tamil Nadu,600019,India,,,,,,,0,Swamy,,,,,,,,temple.csv,False
REL00131,"Dhakshina Murthy Temple, Thiruvottiyur",Hindu Temples,"Dhakshina Murthy Temple, Thiruvottiyur, Chennai - 600019",Thiruvottiyur,Chennai,Tamil Nadu,600019,India,,,,,,,0,Other,,,,,,,,temple.csv,False
REL00132,"Agatheswarar Temple, Thiruvottiyur",Hindu Temples,"Agatheswarar Temple, Thiruvottiyur, Chennai - 600019",Thiruvottiyur,Chennai,Tamil Nadu,600019,India,,,,,,,0,Shiva,,,,,,,,temple.csv,False
REL00133,"Ponniamman Temple, Thiruvottiyur",Hindu Temples,"Ponniamman Temple, Thiruvottiyur, Chennai - 600019",Thiruvottiyur,Chennai,Tamil Nadu,600019,India,,,,,,,0,Amman,,,,,,,,temple.csv,False
REL00134,"Pattinathar Temple, Thiruvottiyur",Hindu Temples,"Pattinathar Temple, Thiruvottiyur, Chennai - 600019",Thiruvottiyur,Chennai,Tamil Nadu,600019,India,,,,,,,0,Other,,,,,,,,temple.csv,False
REL00135,"Munthivinayagar Temple, Thiruvottiyur",Hindu Temples,"Munthivinayagar Temple, Thiruvottiyur, Chennai - 600019",Thiruvottiyur,Chennai,Tamil Nadu,600019,India,,,,,,,0,Vinayagar,,,,,,,,temple.csv,False
REL00136,"Marundheeswarar Temple, Thiruvanmiyur",Hindu Temples,"Marundheeswarar Temple, Thiruvanmiyur, Chennai - 600041",Thiruvanmiyur,Chennai,Tamil Nadu,600041,India,,,,,,,0,Shiva,,,,,,,,temple.csv,False
REL00137,"Prasanna Venkatesa Perumal Temple, Kottur",Hindu Temples,"Prasanna Venkatesa Perumal Temple, Kottur, Chennai - 600085",Kottur,Chennai,Tamil Nadu,600085,India,,,,,,,0,Perumal,,,,,,,,temple.csv,False
REL00138,"Srinivasa Perumal Temple, Semmancheri",Hindu Temples,"Srinivasa Perumal Temple, Semmancheri, Chennai - 600119",Semmancheri,Chennai,Tamil Nadu,600119,India,,,,,,,0,Perumal,,,,,,,,temple.csv,False
REL00139,"Pidari Akilandamman Temple, Uthandi",Hindu Temples,"Pidari Akilandamman Temple, Uthandi, Chennai - 600119",Uthandi,Chennai,Tamil Nadu,600119,India,,,,,,,0,Amman,,,,,,,,temple.csv,False
REL00140,"Ishta Siddhi Vinayakar Temple, Thiruvalluvar Nagar",Hindu Temples,"Ishta Siddhi Vinayakar Temple, Thiruvalluvar Nagar, Chennai - 600041",Thiruvalluvar Nagar,Chennai,Tamil Nadu,600041,India,,,,,,,0,Vinayagar,,,,,,,,temple.csv,False
REL00141,"Omsakthi Selva Vinayakar Temple, Thiruvanmiyur",Hindu Temples,"Omsakthi Selva Vinayakar Temple, Thiruvanmiyur, Chennai - 600041",Thiruvanmiyur,Chennai,Tamil Nadu,600041,India,,,,,,,0,Vinayagar,,,,,,,,temple.csv,False
REL00142,"Devi Baliamman Temple, Villivakkam",Hindu Temples,"Devi Baliamman Temple, Villivakkam, Chennai - 600049",Villivakkam,Chennai,Tamil Nadu,600049,India,,,,,,,0,Amman,,,,,,,,temple.csv,False
REL00143,"Somanatha Swamy Temple, Kolthur",Hindu Temples,"Somanatha Swamy Temple, Kolthur, Chennai - 600099",Kolthur,Chennai,Tamil Nadu,600099,India,,,,,,,0,Swamy,,,,,,,,temple.csv,False
REL00144,"Sowmya Damodhara Perumal Temple, Villivakkam",Hindu Temples,"Sowmya Damodhara Perumal Temple, Villivakkam, Chennai - 600049",Villivakkam,Chennai,Tamil Nadu,600049,India,,,,,,,0,Perumal,,,,,,,,temple.csv,False
REL00145,"Sundararaja Perumal Temple, Peravallur",Hindu Temples,"Sundararaja Perumal Temple, Peravallur, Chennai - 600082",Peravallur,Chennai,Tamil Nadu,600082,India,,,,,,,0,Perumal,,,,,,,,temple.csv,False
REL00146,"Abathsagayavinayagar Temple, Villivakkam",Hindu Temples,"Abathsagayavinayagar Temple, Villivakkam, Chennai - 600049",Villivakkam,Chennai,Tamil Nadu,600049,India,,,,,,,0,Vinayagar,,,,,,,,temple.csv,False
REL00147,"Lakshmi Amman Temple, Kolathur",Hindu Temples,"Lakshmi Amman Temple, Kolathur, Chennai - 600099",Kolathur,Chennai,Tamil Nadu,600099,India,,,,,,,0,Amman,,,,,,,,temple.csv,False
REL00148,"Pidari Malayathamman Temple, Mannurpet",Hindu Temples,"Pidari Malayathamman Temple, Mannurpet, Chennai - 600050",Mannurpet,Chennai,Tamil Nadu,600050,India,,,,,,,0,Amman,,,,,,,,temple.csv,False
REL00149,"Ellaiamman Temple, Ayanavaram",Hindu Temples,"Ellaiamman Temple, Ayanavaram, Chennai - 600023",Ayanavaram,Chennai,Tamil Nadu,600023,India,,,,,,,0,Amman,,,,,,,,temple.csv,False
REL00150,"Thiruvallishwarar Temple, Padi",Hindu Temples,"Thiruvallishwarar Temple, Padi, Chennai - 600050",Padi,Chennai,Tamil Nadu,600050,India,,,,,,,0,Other,,,,,,,,temple.csv,False
REL00151,"Kailasanathar Temple, Padi",Hindu Temples,"Kailasanathar Temple, Padi, Chennai - 600050",Padi,Chennai,Tamil Nadu,600050,India,,,,,,,0,Other,,,,,,,,temple.csv,False
REL00152,"Padalathri Seathamman Temple, Korattur",Hindu Temples,"Padalathri Seathamman Temple, Korattur, Chennai - 600076",Korattur,Chennai,Tamil Nadu,600076,India,,,,,,,0,Amman,,,,,,,,temple.csv,False
REL00153,"Harihara Karpaga Vinayagar Temple, Ambathur",Hindu Temples,"Harihara Karpaga Vinayagar Temple, Ambathur, Chennai - 600053",Ambathur,Chennai,Tamil Nadu,600053,India,,,,,,,0,Vinayagar,,,,,,,,temple.csv,False
REL00154,"Thirumoolanathar Swamy Temple, Puzhal",Hindu Temples,"Thirumoolanathar Swamy Temple, Puzhal, Chennai - 600066",Puzhal,Chennai,Tamil Nadu,600066,India,,,,,,,0,Swamy,,,,,,,,temple.csv,False
REL00155,"Ponniamman Mariamman Temple, Padi",Hindu Temples,"Ponniamman Mariamman Temple, Padi, Chennai - 600050",Padi,Chennai,Tamil Nadu,600050,India,,,,,,,0,Amman,,,,,,,,temple.csv,False
REL00156,"Mahasakthi Vinayakar Temple, Korattur",Hindu Temples,"Mahasakthi Vinayakar Temple, Korattur, Chennai - 600080",Korattur,Chennai,Tamil Nadu,600080,India,,,,,,,0,Vinayagar,,,,,,,,temple.csv,False
REL00157,"Selliamman Temple, Athipatttu",Hindu Temples,"Selliamman Temple, Athipatttu, Chennai - 600058",Athipatttu,Chennai,Tamil Nadu,600058,India,,,,,,,0,Amman,,,,,,,,temple.csv,False
REL00158,"Padavattamman Temple, Padi",Hindu Temples,"Padavattamman Temple, Padi, Chennai - 600050",Padi,Chennai,Tamil Nadu,600050,India,,,,,,,0,Amman,,,,,,,,temple.csv,False
REL00159,"Kannathamman Temple, Ambathur",Hindu Temples,"Kannathamman Temple, Ambathur, Chennai - 600053",Ambathur,Chennai,Tamil Nadu,600053,India,,,,,,,0,Amman,,,,,,,,temple.csv,False
REL00160,"Jamubukeswar Temple, Korattur",Hindu Temples,"Jamubukeswar Temple, Korattur, Chennai - 600080",Korattur,Chennai,Tamil Nadu,600080,India,,,,,,,0,Shiva,,,,,,,,temple.csv,False
REL00161,"Devi Nagasakthiamman Temple, K.K.Nagar",Hindu Temples,"Devi Nagasakthiamman Temple, K.K.Nagar, Chennai - 600095",K.K.Nagar,Chennai,Tamil Nadu,600095,India,,,,,,,0,Amman,,,,,,,,temple.csv,False
REL00162,"Sundarajaperumal Temple, Avadi",Hindu Temples,"Sundarajaperumal Temple, Avadi, Chennai - 600062",Avadi,Chennai,Tamil Nadu,600062,India,,,,,,,0,Perumal,,,,,,,,temple.csv,False
REL00163,"Sakthi Vinayagar Temple, K.K.Nagar",Hindu Temples,"Sakthi Vinayagar Temple, K.K.Nagar, Chennai - 600078",K.K.Nagar,Chennai,Tamil Nadu,600078,India,,,,,,,0,Vinayagar,,,,,,,,temple.csv,False
REL00164,"Nagathamman Temple, Ashok Nagar",Hindu Temples,"Nagathamman Temple, Ashok Nagar, Chennai - 600083",Ashok Nagar,Chennai,Tamil Nadu,600083,India,,,,,,,0,Amman,,,,,,,,temple.csv,False
REL00165,"Agatheeswarar And Velveeswarar Temple, Valasaravakkam",Hindu Temples,"Agatheeswarar and Velveeswarar Temple, Valasaravakkam, Chennai - 600087",Valasaravakkam,Chennai,Tamil Nadu,600087,India,,,,,,,0,Shiva,,,,,,,,temple.csv,False
REL00166,"Nava Siddhi Vinayagar Temple, Ashok Nagar",Hindu Temples,"Nava Siddhi Vinayagar Temple, Ashok Nagar, Chennai - 600083",Ashok Nagar,Chennai,Tamil Nadu,600083,India,,,,,,,0,Vinayagar,,,,,,,,temple.csv,False
REL00167,"Thoppasamy (A) Malligeswarar Temple, Ashok Nagar",Hindu Temples,"Thoppasamy (A) Malligeswarar Temple, Ashok Nagar, Chennai - 600083",Ashok Nagar,Chennai,Tamil Nadu,600083,India,,,,,,,0,Shiva,,,,,,,,temple.csv,False
REL00168,"Sarva Sakthi Vinayagar Temple, Ashok Nagar",Hindu Temples,"Sarva Sakthi Vinayagar Temple, Ashok Nagar, Chennai - 600083",Ashok Nagar,Chennai,Tamil Nadu,600083,India,,,,,,,0,Vinayagar,,,,,,,,temple.csv,False
REL00169,"Nagathamman Temple, Kodambakkam",Hindu Temples,"Nagathamman Temple, Kodambakkam, Chennai - 600024",Kodambakkam,Chennai,Tamil Nadu,600024,India,,,,,,,0,Amman,,,,,,,,temple.csv,False
REL00170,"Varasidhi Vinayagar Temple, Vadapalani",Hindu Temples,"Varasidhi Vinayagar Temple, Vadapalani, Chennai - 600026",Vadapalani,Chennai,Tamil Nadu,600026,India,,,,,,,0,Vinayagar,,,,,,,,temple.csv,False
REL00171,"Varadaraja Manavala Mahamuni Temple, Kothaval Bazzar",Hindu Temples,"Varadaraja Manavala Mahamuni Temple, Kothaval Bazzar, Chennai - 600001",Kothaval Bazzar,Chennai,Tamil Nadu,600001,India,,,,,,,0,Other,,,,,,,,temple.csv,False
REL00172,"Adikesava Perumal Bashyakara Swami Temple, Kothaval Bazzar",Hindu Temples,"Adikesava Perumal Bashyakara Swami Temple, Kothaval Bazzar, Chennai - 600001",Kothaval Bazzar,Chennai,Tamil Nadu,600001,India,,,,,,,0,Perumal,,,,,,,,temple.csv,False
REL00173,"Thillai Vinayagar Temple, Seven Wells",Hindu Temples,"Thillai Vinayagar Temple, Seven Wells, Chennai - 600001",Seven Wells,Chennai,Tamil Nadu,600001,India,,,,,,,0,Vinayagar,,,,,,,,temple.csv,False
REL00174,"Varasithi Vinayagar Nattu Pillayar Temple, Seven Wells",Hindu Temples,"Varasithi Vinayagar Nattu Pillayar Temple, Seven Wells, Chennai - 600001",Seven Wells,Chennai,Tamil Nadu,600001,India,,,,,,,0,Vinayagar,,,,,,,,temple.csv,False
REL00175,"Seetha Rama Prasanna Anchaneya Swami Temple, Kothaval Bazzar",Hindu Temples,"Seetha Rama Prasanna Anchaneya Swami Temple, Kothaval Bazzar, Chennai - 600001",Kothaval Bazzar,Chennai,Tamil Nadu,600001,India,,,,,,,0,Other,,,,,,,,temple.csv,False
REL00176,"Selva Vinayagar Temple, Kothaval Bazzar",Hindu Temples,"Selva Vinayagar Temple, Kothaval Bazzar, Chennai - 600001",Kothaval Bazzar,Chennai,Tamil Nadu,600001,India,,,,,,,0,Vinayagar,,,,,,,,temple.csv,False
REL00177,"Thulukanathamman Temple, Mannady",Hindu Temples,"Thulukanathamman Temple, Mannady, Chennai - 600001",Mannady,Chennai,Tamil Nadu,600001,India,,,,,,,0,Amman,,,,,,,,temple.csv,False
REL00178,"Venugopala Swami Temple, Seven Wells",Hindu Temples,"Venugopala Swami Temple, Seven Wells, Chennai - 600001",Seven Wells,Chennai,Tamil Nadu,600001,India,,,,,,,0,Other,,,,,,,,temple.csv,False
REL00179,"Sakthi Mukthi Sithivinayagar Temple, Broadway",Hindu Temples,"Sakthi Mukthi Sithivinayagar Temple, Broadway, Chennai - 600108",Broadway,Chennai,Tamil Nadu,600108,India,,,,,,,0,Vinayagar,,,,,,,,temple.csv,False
REL00180,"Sanjivirayan Temple, Old Washermenpet",Hindu Temples,"Sanjivirayan Temple, Old Washermenpet, Chennai - 600021",Old Washermenpet,Chennai,Tamil Nadu,600021,India,,,,,,,0,Other,,,,,,,,temple.csv,False
REL00181,"Bakthavachala Perumal Temple, Old Washermenpet",Hindu Temples,"Bakthavachala Perumal Temple, Old Washermenpet, Chennai - 600021",Old Washermenpet,Chennai,Tamil Nadu,600021,India,,,,,,,0,Perumal,,,,,,,,temple.csv,False
REL00182,"Byragimadam Thiruvengadamudaiyan Venkatesa Perumal Temple, Nsc Bose Road",Hindu Temples,"Byragimadam Thiruvengadamudaiyan Venkatesa Perumal Temple, Nsc Bose Road, Chennai - 600079",Nsc Bose Road,Chennai,Tamil Nadu,600079,India,,,,,,,0,Perumal,,,,,,,,temple.csv,False
REL00183,"Thiruveethi Amman Temple, Seven Wells",Hindu Temples,"Thiruveethi Amman Temple, Seven Wells, Chennai - 600001",Seven Wells,Chennai,Tamil Nadu,600001,India,,,,,,,0,Amman,,,,,,,,temple.csv,False
REL00184,"Balasubramaniya Swami & Allaimman Temple, Teynampet",Hindu Temples,"Balasubramaniya Swami & Allaimman Temple, Teynampet, Chennai - 600018",Teynampet,Chennai,Tamil Nadu,600018,India,,,,,,,0,Other,,,,,,,,temple.csv,False
REL00185,"Varasidhi Vinayagar Temple, Vellala Teynampet",Hindu Temples,"Varasidhi Vinayagar Temple, Vellala Teynampet, Chennai - 600086",Vellala Teynampet,Chennai,Tamil Nadu,600086,India,,,,,,,0,Vinayagar,,,,,,,,temple.csv,False
REL00186,"Thiruveethiamman Temple, Gurupuram",Hindu Temples,"Thiruveethiamman Temple, Gurupuram, Chennai - 600018",Gurupuram,Chennai,Tamil Nadu,600018,India,,,,,,,0,Amman,,,,,,,,temple.csv,False
REL00187,"Adhisivasakthi Temple, Mandhaveli",Hindu Temples,"Adhisivasakthi Temple, Mandhaveli, Chennai - 600028",Mandhaveli,Chennai,Tamil Nadu,600028,India,,,,,,,0,Other,,,,,,,,temple.csv,False
REL00188,"Muthalamman Temple, West Mambalam",Hindu Temples,"Muthalamman Temple, West Mambalam, Chennai - 600033",West Mambalam,Chennai,Tamil Nadu,600033,India,,,,,,,0,Amman,,,,,,,,temple.csv,False
REL00189,"Nagathamman Temple, Nandhanam",Hindu Temples,"Nagathamman Temple, Nandhanam, Chennai - 600035",Nandhanam,Chennai,Tamil Nadu,600035,India,,,,,,,0,Amman,,,,,,,,temple.csv,False
REL00190,"Arulsakthi Vinayagar Temple, Nandhanam",Hindu Temples,"Arulsakthi Vinayagar Temple, Nandhanam, Chennai - 600035",Nandhanam,Chennai,Tamil Nadu,600035,India,,,,,,,0,Vinayagar,,,,,,,,temple.csv,False
REL00191,"Parvathavarthini & Ramalingeshwarar Temple, Nandhampakkam",Hindu Temples,"Parvathavarthini & Ramalingeshwarar Temple, Nandhampakkam, Chennai - 600089",Nandhampakkam,Chennai,Tamil Nadu,600089,India,,,,,,,0,Other,,,,,,,,temple.csv,False
REL00192,"Muthu Mariamman Temple, Ayanavaram",Hindu Temples,"Muthu Mariamman Temple, Ayanavaram, Chennai - 600023",Ayanavaram,Chennai,Tamil Nadu,600023,India,,,,,,,0,Amman,,,,,,,,temple.csv,False
REL00193,"Adhipureshwarar And Athikesavaperumal Temple, Chindadiripet",Hindu Temples,"Adhipureshwarar and Athikesavaperumal Temple, Chindadiripet, Chennai - 600002",Chindadiripet,Chennai,Tamil Nadu,600002,India,,,,,,,0,Perumal,,,,,,,,temple.csv,False
REL00194,"Murugavel Temple, Chindadiripet",Hindu Temples,"Murugavel Temple, Chindadiripet, Chennai - 600002",Chindadiripet,Chennai,Tamil Nadu,600002,India,,,,,,,0,Murugan,,,,,,,,temple.csv,False
REL00195,"Nageshwari Amman Temple, Chindadiripet",Hindu Temples,"Nageshwari Amman Temple, Chindadiripet, Chennai - 600002",Chindadiripet,Chennai,Tamil Nadu,600002,India,,,,,,,0,Amman,,,,,,,,temple.csv,False
REL00196,"Prasanna Venkatesha Perumal Temple, Periyamedu",Hindu Temples,"Prasanna Venkatesha Perumal Temple, Periyamedu, Chennai - 600003",Periyamedu,Chennai,Tamil Nadu,600003,India,,,,,,,0,Perumal,,,,,,,,temple.csv,False
REL00197,"Thiruvattewarar Temple, Triplicane",Hindu Temples,"Thiruvattewarar Temple, Triplicane, Chennai - 600005",Triplicane,Chennai,Tamil Nadu,600005,India,,,,,,,0,Other,,,,,,,,temple.csv,False
REL00198,"Kamakala Kameswarar Temple, Triplicane",Hindu Temples,"Kamakala Kameswarar Temple, Triplicane, Chennai - 600005",Triplicane,Chennai,Tamil Nadu,600005,India,,,,,,,0,Shiva,,,,,,,,temple.csv,False
REL00199,"Paripurana Vinayagar Temple, Triplicane",Hindu Temples,"Paripurana Vinayagar Temple, Triplicane, Chennai - 600005",Triplicane,Chennai,Tamil Nadu,600005,India,,,,,,,0,Vinayagar,,,,,,,,temple.csv,False
REL00200,"Athipara Sakthi Temple, Triplicane",Hindu Temples,"Athipara Sakthi Temple, Triplicane, Chennai - 600005",Triplicane,Chennai,Tamil Nadu,600005,India,,,,,,,0,Other,,,,,,,,temple.csv,False
REL00201,"Panduranga Swamy Temple, Triplicane",Hindu Temples,"Panduranga Swamy Temple, Triplicane, Chennai - 600005",Triplicane,Chennai,Tamil Nadu,600005,India,,,,,,,0,Swamy,,,,,,,,temple.csv,False
REL00202,"Anjayanar Temple, Triplicane",Hindu Temples,"Anjayanar Temple, Triplicane, Chennai - 600005",Triplicane,Chennai,Tamil Nadu,600005,India,,,,,,,0,Other,,,,,,,,temple.csv,False
REL00203,"Ekambareswar Temple, Aminjikarai",Hindu Temples,"Ekambareswar Temple, Aminjikarai, Chennai - 600029",Aminjikarai,Chennai,Tamil Nadu,600029,India,,,,,,,0,Shiva,,,,,,,,temple.csv,False
REL00204,"Prasanna Varatharaja Perumal Temple, Aminjikarai",Hindu Temples,"Prasanna Varatharaja Perumal Temple, Aminjikarai, Chennai - 600029",Aminjikarai,Chennai,Tamil Nadu,600029,India,,,,,,,0,Perumal,,,,,,,,temple.csv,False
REL00205,"Prasanna Venkatesa Perumal Arul Sakthi Vinayagar Gangaiamman Temple, Choolaimedu",Hindu Temples,"Prasanna Venkatesa Perumal Arul Sakthi Vinayagar Gangaiamman Temple, Choolaimedu, Chennai - 600094",Choolaimedu,Chennai,Tamil Nadu,600094,India,,,,,,,0,Vinayagar,,,,,,,,temple.csv,False
REL00206,"Vembuliamman And Kolathamman Temple, Chetpet",Hindu Temples,"Vembuliamman and Kolathamman Temple, Chetpet, Chennai - 600031",Chetpet,Chennai,Tamil Nadu,600031,India,,,,,,,0,Amman,,,,,,,,temple.csv,False
REL00207,"Sathyavaratharajaperumal Temple, Arumbakkam",Hindu Temples,"Sathyavaratharajaperumal Temple, Arumbakkam, Chennai - 600106",Arumbakkam,Chennai,Tamil Nadu,600106,India,,,,,,,0,Perumal,,,,,,,,temple.csv,False
REL00208,"Venugopal Swamy Temple, Choolaimedu",Hindu Temples,"Venugopal Swamy Temple, Choolaimedu, Chennai - 600094",Choolaimedu,Chennai,Tamil Nadu,600094,India,,,,,,,0,Swamy,,,,,,,,temple.csv,False
REL00209,"Devi Periyapalayathamman Temple, Shenoynagar",Hindu Temples,"Devi Periyapalayathamman Temple, Shenoynagar, Chennai - 600030",Shenoynagar,Chennai,Tamil Nadu,600030,India,,,,,,,0,Amman,,,,,,,,temple.csv,False
REL00210,"Selva Vinayagar Temple, Shenoynagar, Chetpet",Hindu Temples,"Selva Vinayagar Temple, Shenoynagar, Chetpet, Chennai - 600030","Shenoynagar, Chetpet",Chennai,Tamil Nadu,600030,India,,,,,,,0,Vinayagar,,,,,,,,temple.csv,False
REL00211,"Pidari Uthanachi Amman Mangaleswarar Balavinayagar Temples, Arumbakkam",Hindu Temples,"Pidari Uthanachi Amman Mangaleswarar Balavinayagar Temples, Arumbakkam, Chennai - 600106",,Chennai,Tamil Nadu,600106,India,,,,,,,0,Vinayagar,,,,,,,,temple.csv,False
REL00212,"Vetri Vinayagar Temple, Choolaimedu",Hindu Temples,"Vetri Vinayagar Temple, Choolaimedu, Chennai - 600094",Choolaimedu,Chennai,Tamil Nadu,600094,India,,,,,,,0,Vinayagar,,,,,,,,temple.csv,False
REL00213,"Vetri Selva Vinayagar Temple, Choolaimedu High Road",Hindu Temples,"Vetri Selva Vinayagar Temple, Choolaimedu High Road, Chennai - 600094",Choolaimedu High Road,Chennai,Tamil Nadu,600094,India,,,,,,,0,Vinayagar,,,,,,,,temple.csv,False
REL00214,"Thiruveedhiamman Temple, Aminjikarai",Hindu Temples,"Thiruveedhiamman Temple, Aminjikarai, Chennai - 600029",Aminjikarai,Chennai,Tamil Nadu,600029,India,,,,,,,0,Amman,,,,,,,,temple.csv,False
REL00215,"Ekambareswarar Temple, Poonga Nagar",Hindu Temples,"Ekambareswarar Temple, Poonga Nagar, Chennai - 600003",Poonga Nagar,Chennai,Tamil Nadu,600003,India,,,,,,,0,Shiva,,,,,,,,temple.csv,False
REL00216,"Sindhadiri Vinayagar Temple, Poonga Nagar",Hindu Temples,"Sindhadiri Vinayagar Temple, Poonga Nagar, Chennai - 600079",Poonga Nagar,Chennai,Tamil Nadu,600079,India,,,,,,,0,Vinayagar,,,,,,,,temple.csv,False
REL00217,"Sithi Puthi Karpaga Vinaygar Temple, Poonga Nagar",Hindu Temples,"Sithi Puthi Karpaga Vinaygar Temple, Poonga Nagar, Chennai - 600079",Poonga Nagar,Chennai,Tamil Nadu,600079,India,,,,,,,0,Vinayagar,,,,,,,,temple.csv,False
REL00218,"Karpaga Sundaravinayagar Temple, Poonga Nagar",Hindu Temples,"Karpaga Sundaravinayagar Temple, Poonga Nagar, Chennai - 600003",Poonga Nagar,Chennai,Tamil Nadu,600003,India,,,,,,,0,Vinayagar,,,,,,,,temple.csv,False
REL00219,"Kalyana Vinayagar Temple, Kothawal Bazzar",Hindu Temples,"Kalyana Vinayagar Temple, Kothawal Bazzar, Chennai - 600001",Kothawal Bazzar,Chennai,Tamil Nadu,600001,India,,,,,,,0,Vinayagar,,,,,,,,temple.csv,False
REL00220,"Darmaraja Temple, Poonga Nagar",Hindu Temples,"Darmaraja Temple, Poonga Nagar, Chennai - 600001",Poonga Nagar,Chennai,Tamil Nadu,600001,India,,,,,,,0,Other,,,,,,,,temple.csv,False
REL00221,"Arunachaleswarar Temple, Poonga Nagar",Hindu Temples,"Arunachaleswarar Temple, Poonga Nagar, Chennai - 600079",Poonga Nagar,Chennai,Tamil Nadu,600079,India,,,,,,,0,Shiva,,,,,,,,temple.csv,False
REL00222,"Kalyana Venkatesa Perumal Temple, Poonga Nagar",Hindu Temples,"Kalyana Venkatesa Perumal Temple, Poonga Nagar, Chennai - 600003",Poonga Nagar,Chennai,Tamil Nadu,600003,India,,,,,,,0,Perumal,,,,,,,,temple.csv,False
REL00223,"Radha Krishna Mandir Temple, Poonga Nagar",Hindu Temples,"Radha Krishna Mandir Temple, Poonga Nagar, Chennai - 600079",Poonga Nagar,Chennai,Tamil Nadu,600079,India,,,,,,,0,Other,,,,,,,,temple.csv,False
REL00224,"Kothandaramar Temple, Mambalm",Hindu Temples,"Kothandaramar Temple, Mambalm, Chennai - 600033",Mambalm,Chennai,Tamil Nadu,600033,India,,,,,,,0,Other,,,,,,,,temple.csv,False
REL00225,"Kasi Viswanathaswami And Ellaiamman Temple, Mambalm",Hindu Temples,"Kasi Viswanathaswami And Ellaiamman Temple, Mambalm, Chennai - 600033",Mambalm,Chennai,Tamil Nadu,600033,India,,,,,,,0,Amman,,,,,,,,temple.csv,False
REL00226,"Bhashyakara Adi Chenna Kesava Perumal Temple, Mambalm",Hindu Temples,"Bhashyakara Adi Chenna Kesava Perumal Temple, Mambalm, Chennai - 600033",Mambalm,Chennai,Tamil Nadu,600033,India,,,,,,,0,Perumal,,,,,,,,temple.csv,False
REL00227,"Senganni Amman Temple, C.I.T.Nagar",Hindu Temples,"Senganni Amman Temple, C.I.T.Nagar, Chennai - 600035",C.I.T.Nagar,Chennai,Tamil Nadu,600035,India,,,,,,,0,Amman,,,,,,,,temple.csv,False
REL00228,"Vallabha Maha Ganapathy Temple, Mambalm",Hindu Temples,"Vallabha Maha Ganapathy Temple, Mambalm, Chennai - 600033",Mambalm,Chennai,Tamil Nadu,600033,India,,,,,,,0,Other,,,,,,,,temple.csv,False
REL00229,"Selva Vinayagar Temple, West Mambalm",Hindu Temples,"Selva Vinayagar Temple, West Mambalm, Chennai - 600033",West Mambalm,Chennai,Tamil Nadu,600033,India,,,,,,,0,Vinayagar,,,,,,,,temple.csv,False
REL00230,"Vinaithirkkum Valamuburi Vinayagar Temple, Mambalm",Hindu Temples,"Vinaithirkkum Valamuburi Vinayagar Temple, Mambalm, Chennai - 600033",Mambalm,Chennai,Tamil Nadu,600033,India,,,,,,,0,Vinayagar,,,,,,,,temple.csv,False
REL00231,"Chakkara Vinayagar Temple, Mambalm",Hindu Temples,"Chakkara Vinayagar Temple, Mambalm, Chennai - 600017",Mambalm,Chennai,Tamil Nadu,600017,India,,,,,,,0,Vinayagar,,,,,,,,temple.csv,False
REL00232,"Pidari Mangaliamman And Sidhi Vinayagar Temple, Anna Nagar",Hindu Temples,"Pidari Mangaliamman And Sidhi Vinayagar Temple, Anna Nagar, Chennai - 600040",Anna Nagar,Chennai,Tamil Nadu,600040,India,,,,,,,0,Vinayagar,,,,,,,,temple.csv,False
REL00233,"Makaliamman Temple, Anna Nagar",Hindu Temples,"Makaliamman Temple, Anna Nagar, Chennai - 600040",Anna Nagar,Chennai,Tamil Nadu,600040,India,,,,,,,0,Amman,,,,,,,,temple.csv,False
REL00234,"Muthumari Amman Temple, Arumbakkam",Hindu Temples,"Muthumari Amman Temple, Arumbakkam, Chennai - 600106",Arumbakkam,Chennai,Tamil Nadu,600106,India,,,,,,,0,Amman,,,,,,,,temple.csv,False
REL00235,"Soundreswarar Temple, Saidapet",Hindu Temples,"Soundreswarar Temple, Saidapet, Chennai - 600015",Saidapet,Chennai,Tamil Nadu,600015,India,,,,,,,0,Shiva,,,,,,,,temple.csv,False
REL00236,"Sathyanarayana Perumal Temple, West Mamabalam",Hindu Temples,"Sathyanarayana Perumal Temple, West Mamabalam, Chennai - 600033",West Mamabalam,Chennai,Tamil Nadu,600033,India,,,,,,,0,Perumal,,,,,,,,temple.csv,False
REL00237,"Vilayattu Vinayagar Temple, T.Nagar",Hindu Temples,"Vilayattu Vinayagar Temple, T.Nagar, Chennai - 600017",T.Nagar,Chennai,Tamil Nadu,600017,India,,,,,,,0,Vinayagar,,,,,,,,temple.csv,False
REL00238,"Paripoorna Vinayagar Alias Santhosi Matha Temple, Virugambakam",Hindu Temples,"Paripoorna Vinayagar alias Santhosi Matha Temple, Virugambakam, Chennai - 600092",Virugambakam,Chennai,Tamil Nadu,600092,India,,,,,,,0,Vinayagar,,,,,,,,temple.csv,False
REL00239,"Vembu Vinayagar Temple, Choolaimedu",Hindu Temples,"Vembu Vinayagar Temple, Choolaimedu, Chennai - 600094",Choolaimedu,Chennai,Tamil Nadu,600094,India,,,,,,,0,Vinayagar,,,,,,,,temple.csv,False
REL00240,"Parasuramalingeswarar Temple, Ayanavaram",Hindu Temples,"Parasuramalingeswarar Temple, Ayanavaram, Chennai - 600023",Ayanavaram,Chennai,Tamil Nadu,600023,India,,,,,,,0,Shiva,,,,,,,,temple.csv,False
REL00241,"Mulakaliamman Temple, Ayanavaram",Hindu Temples,"Mulakaliamman Temple, Ayanavaram, Chennai - 600023",Ayanavaram,Chennai,Tamil Nadu,600023,India,,,,,,,0,Amman,,,,,,,,temple.csv,False
REL00242,"Selliamman Muthiamman Temple, Ayanavaram",Hindu Temples,"Selliamman Muthiamman Temple, Ayanavaram, Chennai - 600023",Ayanavaram,Chennai,Tamil Nadu,600023,India,,,,,,,0,Amman,,,,,,,,temple.csv,False
REL00243,"Melpazani Andar Temple, Ayanavaram",Hindu Temples,"Melpazani Andar Temple, Ayanavaram, Chennai - 600023",Ayanavaram,Chennai,Tamil Nadu,600023,India,,,,,,,0,Other,,,,,,,,temple.csv,False
REL00244,"Narayaniamman Temple, Ayanavaram",Hindu Temples,"Narayaniamman Temple, Ayanavaram, Chennai - 600023",Ayanavaram,Chennai,Tamil Nadu,600023,India,,,,,,,0,Amman,,,,,,,,temple.csv,False
REL00245,"Kannimoola Ganapathy Temple, Ayanavaram",Hindu Temples,"Kannimoola Ganapathy Temple, Ayanavaram, Chennai - 600023",Ayanavaram,Chennai,Tamil Nadu,600023,India,,,,,,,0,Other,,,,,,,,temple.csv,False
REL00246,"Dhandeeswarar Temple, Velachery",Hindu Temples,"Dhandeeswarar Temple, Velachery, Chennai - 600042",Velachery,Chennai,Tamil Nadu,600042,India,,,,,,,0,Shiva,,,,,,,,temple.csv,False
REL00247,"Yoga Narasimma Swamy Temple, Velachery",Hindu Temples,"Yoga Narasimma Swamy Temple, Velachery, Chennai - 600042",Velachery,Chennai,Tamil Nadu,600042,India,,,,,,,0,Swamy,,,,,,,,temple.csv,False
REL00248,"Selliamman Temple, Velachery",Hindu Temples,"Selliamman Temple, Velachery, Chennai - 600042",Velachery,Chennai,Tamil Nadu,600042,India,,,,,,,0,Amman,,,,,,,,temple.csv,False
REL00249,"Padhala Vigneshwarar Temple, Madipakkam",Hindu Temples,"Padhala Vigneshwarar Temple, Madipakkam, Chennai - 600091",Madipakkam,Chennai,Tamil Nadu,600091,India,,,,,,,0,Other,,,,,,,,temple.csv,False
REL00250,"Lakshmi Narayana Perumal Vagaiyara Temple, Pallikaranai",Hindu Temples,"Lakshmi Narayana Perumal Vagaiyara Temple, Pallikaranai, Chennai - 600100",Pallikaranai,Chennai,Tamil Nadu,600100,India,,,,,,,0,Perumal,,,,,,,,temple.csv,False
REL00251,"Kurungaleeshwarar And Vaikundavasa Perumal Temple, Koyambedu",Hindu Temples,"Kurungaleeshwarar And Vaikundavasa Perumal Temple, Koyambedu, Chennai - 600107",Koyambedu,Chennai,Tamil Nadu,600107,India,,,,,,,0,Perumal,,,,,,,,temple.csv,False
REL00252,"Marghasagheshwarar Temple, Maduravoyal",Hindu Temples,"Marghasagheshwarar Temple, Maduravoyal, Chennai - 600095",Maduravoyal,Chennai,Tamil Nadu,600095,India,,,,,,,0,Other,,,,,,,,temple.csv,False
REL00253,"Nantheeshwarar Temple, Adambakkam",Hindu Temples,"Nantheeshwarar Temple, Adambakkam, Chennai - 600088",Adambakkam,Chennai,Tamil Nadu,600088,India,,,,,,,0,Other,,,,,,,,temple.csv,False
REL00254,"Selva Vinayagar And Kothandaramar Temple, Tambaram",Hindu Temples,"Selva Vinayagar and Kothandaramar Temple, Tambaram, Chennai - 600045",Tambaram,Chengalpattu,Tamil Nadu,600045,India,,,,,,,0,Vinayagar,,,,,,,,temple.csv,False
REL00255,"Karpaga Vinayagar And Kanthaperumanar Temple, Tambaram",Hindu Temples,"Karpaga Vinayagar And Kanthaperumanar Temple, Tambaram, Chennai - 600059",Tambaram,Chengalpattu,Tamil Nadu,600059,India,,,,,,,0,Vinayagar,,,,,,,,temple.csv,False
REL00256,"Vinaitheerthavinayagar Temple, Tambaram",Hindu Temples,"Vinaitheerthavinayagar Temple, Tambaram, Chennai - 600045",Tambaram,Chengalpattu,Tamil Nadu,600045,India,,,,,,,0,Vinayagar,,,,,,,,temple.csv,False
REL00257,"Dhenupureeshwarar Temple, Madampakkam",Hindu Temples,"Dhenupureeshwarar Temple, Madampakkam, Chennai - 600126",Madampakkam,Chengalpattu,Tamil Nadu,600126,India,,,,,,,0,Other,,,,,,,,temple.csv,False
REL00258,"Ramanadheeshwarar Temple, Porur",Hindu Temples,"Ramanadheeshwarar Temple, Porur, Chennai - 600116",Porur,Chennai,Tamil Nadu,600116,India,,,,,,,0,Other,,,,,,,,temple.csv,False
REL00259,"Lakshmi Vinayagar Temple, Valasarawakkam",Hindu Temples,"Lakshmi Vinayagar Temple, Valasarawakkam, Chennai - 600087",Valasarawakkam,Chennai,Tamil Nadu,600087,India,,,,,,,0,Vinayagar,,,,,,,,temple.csv,False
REL00260,"Sundara Varadaraja Perumal Temple, Virugambakkam",Hindu Temples,"Sundara Varadaraja Perumal Temple, Virugambakkam, Chennai - 600092",Virugambakkam,Chennai,Tamil Nadu,600092,India,,,,,,,0,Perumal,,,,,,,,temple.csv,False
REL00261,"Angala Parameshwari And Kasi Viswanathar Temple, Choolai",Hindu Temples,"Angala Parameshwari And Kasi Viswanathar Temple, Choolai, Chennai - 600112",Choolai,Chennai,Tamil Nadu,600112,India,,,,,,,0,Other,,,,,,,,temple.csv,False
REL00262,"Kailasanathar Udanurai Karpagambal Temple, Madhavaram",Hindu Temples,"Kailasanathar Udanurai Karpagambal Temple, Madhavaram, Chennai - 600060",Madhavaram,Chennai,Tamil Nadu,600060,India,,,,,,,0,Other,,,,,,,,temple.csv,False
REL00263,"Chidhamparaswarar Temple, Choolai",Hindu Temples,"Chidhamparaswarar Temple, Choolai, Chennai - 600112",Choolai,Chennai,Tamil Nadu,600112,India,,,,,,,0,Other,,,,,,,,temple.csv,False
REL00264,"Sidhi Pudhi Sundhra Vinayagar- Lakshmiamman Temple, Pattalam",Hindu Temples,"Sidhi Pudhi Sundhra Vinayagar- Lakshmiamman Temple, Pattalam, Chennai - 600012",Pattalam,Chennai,Tamil Nadu,600012,India,,,,,,,0,Vinayagar,,,,,,,,temple.csv,False
REL00265,"Bhavani Amman Temple, Mutamil Nager",Hindu Temples,"Bhavani Amman Temple, Mutamil Nager, Chennai - 600118",Mutamil Nager,Chennai,Tamil Nadu,600118,India,,,,,,,0,Amman,,,,,,,,temple.csv,False
REL00266,"Sivasubramaniya Swamy Temple, Purasaiwalkam",Hindu Temples,"Sivasubramaniya Swamy Temple, Purasaiwalkam, Chennai - 600007",Purasaiwalkam,Chennai,Tamil Nadu,600007,India,,,,,,,0,Swamy,,,,,,,,temple.csv,False
REL00267,"Adhivinayagar Temple, Purasaiwalkam",Hindu Temples,"Adhivinayagar Temple, Purasaiwalkam, Chennai - 600007",Purasaiwalkam,Chennai,Tamil Nadu,600007,India,,,,,,,0,Vinayagar,,,,,,,,temple.csv,False
REL00268,"Sakthivinayagar Temple, Perambure",Hindu Temples,"Sakthivinayagar Temple, Perambure, Chennai - 600011",Perambure,Chennai,Tamil Nadu,600011,India,,,,,,,0,Vinayagar,,,,,,,,temple.csv,False
REL00269,"Chockavel Subrarmaniya Swamy Temple, Choolai",Hindu Temples,"Chockavel Subrarmaniya Swamy Temple, Choolai, Chennai - 600112",Choolai,Chennai,Tamil Nadu,600112,India,,,,,,,0,Swamy,,,,,,,,temple.csv,False
REL00270,"Venukopala Swamy Temple, Choolai",Hindu Temples,"Venukopala Swamy Temple, Choolai, Chennai - 600112",Choolai,Chennai,Tamil Nadu,600112,India,,,,,,,0,Swamy,,,,,,,,temple.csv,False
REL00271,"Seymathamman And Anantheeshwarar Temple, Perambure",Hindu Temples,"Seymathamman and anantheeshwarar Temple, Perambure, Chennai - 600012",Perambure,Chennai,Tamil Nadu,600012,India,,,,,,,0,Amman,,,,,,,,temple.csv,False
REL00272,"Lakshmi Amman Temple, Sambiyam",Hindu Temples,"Lakshmi Amman Temple, Sambiyam, Chennai - 600011",Sambiyam,Chennai,Tamil Nadu,600011,India,,,,,,,0,Amman,,,,,,,,temple.csv,False
REL00273,"Sundara Vinayager Temple, Otteri",Hindu Temples,"Sundara Vinayager Temple, Otteri, Chennai - 600012",Otteri,Chennai,Tamil Nadu,600012,India,,,,,,,0,Vinayagar,,,,,,,,temple.csv,False
REL00274,"Palani Andaver Temple, Perambur",Hindu Temples,"Palani Andaver Temple, Perambur, Chennai - 600011",Perambur,Chennai,Tamil Nadu,600011,India,,,,,,,0,Other,,,,,,,,temple.csv,False
REL00275,"Gangadeeswarar Temple, Purasawalkam",Hindu Temples,"Gangadeeswarar Temple, Purasawalkam, Chennai - 600084",Purasawalkam,Chennai,Tamil Nadu,600084,India,,,,,,,0,Shiva,,,,,,,,temple.csv,False
REL00276,"Aadhi Solaia Amman Temple, Purasawalkam",Hindu Temples,"Aadhi Solaia Amman Temple, Purasawalkam, Chennai - 600007",Purasawalkam,Chennai,Tamil Nadu,600007,India,,,,,,,0,Amman,,,,,,,,temple.csv,False
REL00277,"Vembadi Vinayagar Temple, Purasawalkam",Hindu Temples,"Vembadi Vinayagar Temple, Purasawalkam, Chennai - 600007",Purasawalkam,Chennai,Tamil Nadu,600007,India,,,,,,,0,Vinayagar,,,,,,,,temple.csv,False
REL00278,"Vetha Vinayagar Temple, Purasawalkam",Hindu Temples,"Vetha Vinayagar Temple, Purasawalkam, Chennai - 600007",Purasawalkam,Chennai,Tamil Nadu,600007,India,,,,,,,0,Vinayagar,,,,,,,,temple.csv,False
REL00279,"Pamban Swamy Temple, Thiruvanmiyur",Hindu Temples,"Pamban Swamy Temple, Thiruvanmiyur, Chennai - 600041",Thiruvanmiyur,Chennai,Tamil Nadu,600041,India,,,,,,,0,Swamy,,,,,,,,temple.csv,False
REL00280,"Ranganatha Perumal Temple, Thiruneermalai",Hindu Temples,"Ranganatha Perumal Temple, Thiruneermalai, Chennai - 600132",Thiruneermalai,Chengalpattu,Tamil Nadu,600132,India,,,,,,,0,Perumal,,,,,,,,temple.csv,False
REL00281,"Srinivasa Perumal Temple, Pallavaram",Hindu Temples,"Srinivasa Perumal Temple, Pallavaram, Chennai - 600043",Pallavaram,Chengalpattu,Tamil Nadu,600043,India,,,,,,,0,Perumal,,,,,,,,temple.csv,False
REL00282,"Eratai Pillaiyar Temple, Pammal",Hindu Temples,"Eratai Pillaiyar Temple, Pammal, Chennai - 600075",Pammal,Chengalpattu,Tamil Nadu,600075,India,,,,,,,0,Other,,,,,,,,temple.csv,False
REL00283,"Om Sakthi Vinayagar Temple, T Nagar",Hindu Temples,"Om Sakthi Vinayagar Temple, T Nagar, Chennai - 600017",T Nagar,Chennai,Tamil Nadu,600017,India,,,,,,,0,Vinayagar,,,,,,,,temple.csv,False
REL00284,"Ardilari Dharmaraja Temple, Alandur",Hindu Temples,"Ardilari Dharmaraja Temple, Alandur, Chennai - 600016",Alandur,Chennai,Tamil Nadu,600016,India,,,,,,,0,Other,,,,,,,,temple.csv,False
REL00285,"Siva Subra Mania Swamy Temple, Alandur",Hindu Temples,"Siva Subra Mania Swamy Temple, Alandur, Chennai - 600016",Alandur,Chennai,Tamil Nadu,600016,India,,,,,,,0,Swamy,,,,,,,,temple.csv,False
REL00286,"Devi Kadumbadi Amman Temple, Alandur",Hindu Temples,"Devi Kadumbadi Amman Temple, Alandur, Chennai - 600016",Alandur,Chennai,Tamil Nadu,600016,India,,,,,,,0,Amman,,,,,,,,temple.csv,False
REL00287,"Periyapalayathamman Temple, Old Washermentpet",Hindu Temples,"Periyapalayathamman Temple, Old Washermentpet, Chennai - 600021",Old Washermentpet,Chennai,Tamil Nadu,600021,India,,,,,,,0,Amman,,,,,,,,temple.csv,False
REL00288,"Selva Vinayakar Shawmundeshwari Temple, Old Washermentpet",Hindu Temples,"Selva Vinayakar Shawmundeshwari Temple, Old Washermentpet, Chennai - 600021",Old Washermentpet,Chennai,Tamil Nadu,600021,India,,,,,,,0,Vinayagar,,,,,,,,temple.csv,False
REL00289,"Kothanda Ramar Temple, Old Washermentpet",Hindu Temples,"Kothanda Ramar Temple, Old Washermentpet, Chennai - 600021",Old Washermentpet,Chennai,Tamil Nadu,600021,India,,,,,,,0,Other,,,,,,,,temple.csv,False
REL00290,"Devi Karumariamman Temple, Old Washermentpet",Hindu Temples,"Devi Karumariamman Temple, Old Washermentpet, Chennai - 600081",Old Washermentpet,Chennai,Tamil Nadu,600081,India,,,,,,,0,Amman,,,,,,,,temple.csv,False
REL00291,"Katchaleeshwarar Temple, Parrys",Hindu Temples,"Katchaleeshwarar Temple, Parrys, Chennai - 600001",Parrys,Chennai,Tamil Nadu,600001,India,,,,,,,0,Other,,,,,,,,temple.csv,False
REL00292,"Selva Vinayagar Temple, Parrys",Hindu Temples,"Selva Vinayagar Temple, Parrys, Chennai - 600001",Parrys,Chennai,Tamil Nadu,600001,India,,,,,,,0,Vinayagar,,,,,,,,temple.csv,False
REL00293,"Sengazhuneer Pillayar Temple, Parrys",Hindu Temples,"Sengazhuneer Pillayar Temple, Parrys, Chennai - 600001",Parrys,Chennai,Tamil Nadu,600001,India,,,,,,,0,Other,,,,,,,,temple.csv,False
REL00294,"Venu Gopala Swamy Temple, Parrys",Hindu Temples,"Venu Gopala Swamy Temple, Parrys, Chennai - 600001",Parrys,Chennai,Tamil Nadu,600001,India,,,,,,,0,Swamy,,,,,,,,temple.csv,False
REL00295,"Natarajar Temple, Parrys",Hindu Temples,"Natarajar Temple, Parrys, Chennai - 600001",Parrys,Chennai,Tamil Nadu,600001,India,,,,,,,0,Other,,,,,,,,temple.csv,False
REL00296,"Muthu Mariyamman Temple, Old Washermenpet",Hindu Temples,"Muthu Mariyamman Temple, Old Washermenpet, Chennai - 600021",Old Washermenpet,Chennai,Tamil Nadu,600021,India,,,,,,,0,Amman,,,,,,,,temple.csv,False
REL00297,"Renuga Parameshwariamman Temple, Parrys",Hindu Temples,"Renuga Parameshwariamman Temple, Parrys, Chennai - 600003",Parrys,Chennai,Tamil Nadu,600003,India,,,,,,,0,Amman,,,,,,,,temple.csv,False
REL00298,"Siddhi Puddhi Ananda Vinayagar Temple, Parrys",Hindu Temples,"Siddhi Puddhi Ananda Vinayagar Temple, Parrys, Chennai - 600001",Parrys,Chennai,Tamil Nadu,600001,India,,,,,,,0,Vinayagar,,,,,,,,temple.csv,False
REL00299,"Nandheeshwarar Temple, Thiruvottriyur",Hindu Temples,"Nandheeshwarar Temple, Thiruvottriyur, Chennai - 600019",Thiruvottriyur,Chennai,Tamil Nadu,600019,India,,,,,,,0,Other,,,,,,,,temple.csv,False
REL00300,"Kamatchiamman Temple, Old Washermentpet",Hindu Temples,"Kamatchiamman Temple, Old Washermentpet, Chennai - 600021",Old Washermentpet,Chennai,Tamil Nadu,600021,India,,,,,,,0,Amman,,,,,,,,temple.csv,False
REL00301,"Bala Vinayagar Shawmundeeshwari Temple, Old Washermentpet",Hindu Temples,"Bala Vinayagar Shawmundeeshwari Temple, Old Washermentpet, Chennai - 600021",Old Washermentpet,Chennai,Tamil Nadu,600021,India,,,,,,,0,Vinayagar,,,,,,,,temple.csv,False
REL00302,"Chinn Seniamman Temple, Old Washermentpet",Hindu Temples,"Chinn Seniamman Temple, Old Washermentpet, Chennai - 600021",Old Washermentpet,Chennai,Tamil Nadu,600021,India,,,,,,,0,Amman,,,,,,,,temple.csv,False
REL00303,"Mugunthamman Temple, Old Washermentpet",Hindu Temples,"Mugunthamman Temple, Old Washermentpet, Chennai - 600021",Old Washermentpet,Chennai,Tamil Nadu,600021,India,,,,,,,0,Amman,,,,,,,,temple.csv,False
REL00304,"Badrakaliamman Veerabadraswamy Temple, Royapuram",Hindu Temples,"Badrakaliamman Veerabadraswamy Temple, Royapuram, Chennai - 600013",Royapuram,Chennai,Tamil Nadu,600013,India,,,,,,,0,Amman,,,,,,,,temple.csv,False
REL00305,"Kummalamman Temple, Tondiarpet",Hindu Temples,"Kummalamman Temple, Tondiarpet, Chennai - 600081",Tondiarpet,Chennai,Tamil Nadu,600081,India,,,,,,,0,Amman,,,,,,,,temple.csv,False
REL00306,"Thanigai Subramani Temple, Tondiarpet",Hindu Temples,"Thanigai Subramani Temple, Tondiarpet, Chennai - 600081",Tondiarpet,Chennai,Tamil Nadu,600081,India,,,,,,,0,Other,,,,,,,,temple.csv,False
REL00307,"Srinivasa Varadharajaperumal Temple, Tondiarpet",Hindu Temples,"Srinivasa Varadharajaperumal Temple, Tondiarpet, Chennai - 600081",Tondiarpet,Chennai,Tamil Nadu,600081,India,,,,,,,0,Perumal,,,,,,,,temple.csv,False
REL00308,"Agatheeswar Seniamman Temple, Tondiarpet",Hindu Temples,"Agatheeswar Seniamman Temple, Tondiarpet, Chennai - 600021",Tondiarpet,Chennai,Tamil Nadu,600021,India,,,,,,,0,Amman,,,,,,,,temple.csv,False
REL00309,"Chimbaravinayagar Nagathamman Temple, Korkupet",Hindu Temples,"Chimbaravinayagar Nagathamman Temple, Korkupet, Chennai - 600021",Korkupet,Chennai,Tamil Nadu,600021,India,,,,,,,0,Vinayagar,,,,,,,,temple.csv,False
REL00310,"Sidhi Ganeshar Durga Lakshmi Nataraja Peruman Temple, Old Washermentpet",Hindu Temples,"Sidhi Ganeshar Durga Lakshmi Nataraja Peruman Temple, Old Washermentpet, Chennai - 600021",Old Washermentpet,Chennai,Tamil Nadu,600021,India,,,,,,,0,Other,,,,,,,,temple.csv,False
REL00311,"Sri Navasakthi Vinayakar Temple, Mylapore",Hindu Temples,"Sri Navasakthi Vinayakar Temple, Mylapore, Chennai - 600004",Mylapore,Chennai,Tamil Nadu,600004,India,,,,,,,0,Vinayagar,,,,,,,,temple.csv,False
REL00312,"Pathala Ponniamman Temple, Kilpauk",Hindu Temples,"Pathala Ponniamman Temple, Kilpauk, Chennai - 600010",Kilpauk,Chennai,Tamil Nadu,600010,India,,,,,,,0,Amman,,,,,,,,temple.csv,False
REL00313,"Devi Karumariyamman Temple, Kilpauk",Hindu Temples,"Devi Karumariyamman Temple, Kilpauk, Chennai - 600010",Kilpauk,Chennai,Tamil Nadu,600010,India,,,,,,,0,Amman,,,,,,,,temple.csv,False
REL00314,"Selliamman Temple, Kilpauk",Hindu Temples,"Selliamman Temple, Kilpauk, Chennai - 600010",Kilpauk,Chennai,Tamil Nadu,600010,India,,,,,,,0,Amman,,,,,,,,temple.csv,False
REL00315,"Selva Vinayagar Temple, Kilpauk",Hindu Temples,"Selva Vinayagar Temple, Kilpauk, Chennai - 600010",Kilpauk,Chennai,Tamil Nadu,600010,India,,,,,,,0,Vinayagar,,,,,,,,temple.csv,False
REL00316,"Dharmaraja Thirowpathiyamman Temple, Kilpauk",Hindu Temples,"Dharmaraja Thirowpathiyamman Temple, Kilpauk, Chennai - 600010",Kilpauk,Chennai,Tamil Nadu,600010,India,,,,,,,0,Amman,,,,,,,,temple.csv,False
REL00317,"Chellapillairayar Temple, Ootery",Hindu Temples,"Chellapillairayar Temple, Ootery, Chennai - 600012",Ootery,Chennai,Tamil Nadu,600012,India,,,,,,,0,Other,,,,,,,,temple.csv,False
REL00318,"Reveeswar Temple, Vyasarpadi",Hindu Temples,"Reveeswar Temple, Vyasarpadi, Chennai - 600039",Vyasarpadi,Chennai,Tamil Nadu,600039,India,,,,,,,0,Shiva,,,,,,,,temple.csv,False
REL00319,"Palathaamman Temple, Vyasarpadi",Hindu Temples,"Palathaamman Temple, Vyasarpadi, Chennai - 600039",Vyasarpadi,Chennai,Tamil Nadu,600039,India,,,,,,,0,Amman,,,,,,,,temple.csv,False
REL00320,"Vetri Vinayagar Temple, Sarma Nagar",Hindu Temples,"Vetri Vinayagar Temple, Sarma Nagar, Chennai - 600039",Sarma Nagar,Chennai,Tamil Nadu,600039,India,,,,,,,0,Vinayagar,,,,,,,,temple.csv,False
REL00321,"Nagathamman Temple, Puzhal",Hindu Temples,"Nagathamman Temple, Puzhal, Chennai - 600066",Puzhal,Chennai,Tamil Nadu,600066,India,,,,,,,0,Amman,,,,,,,,temple.csv,False
REL00322,"Devi Karumariamman Temple, Vyasarpadi",Hindu Temples,"Devi Karumariamman Temple, Vyasarpadi, Chennai - 600039",Vyasarpadi,Chennai,Tamil Nadu,600039,India,,,,,,,0,Amman,,,,,,,,temple.csv,False
REL00323,"Komaleeswarar Temple, Komaleeswaran Pet",Hindu Temples,"Komaleeswarar Temple, Komaleeswaran Pet, Chennai - 600002",Komaleeswaran Pet,Chennai,Tamil Nadu,600002,India,,,,,,,0,Shiva,,,,,,,,temple.csv,False
REL00324,"Varasithi Vinayagar Temple, Komaleeswaran Pet",Hindu Temples,"Varasithi Vinayagar Temple, Komaleeswaran Pet, Chennai - 600002",Komaleeswaran Pet,Chennai,Tamil Nadu,600002,India,,,,,,,0,Vinayagar,,,,,,,,temple.csv,False
REL00325,"Mathamman Temple, Pudupet",Hindu Temples,"Mathamman Temple, Pudupet, Chennai - 600002",Pudupet,Chennai,Tamil Nadu,600002,India,,,,,,,0,Amman,,,,,,,,temple.csv,False
REL00326,"Chinna Chadai Amman Temple, Komaleeswaran Pet",Hindu Temples,"Chinna Chadai Amman Temple, Komaleeswaran Pet, Chennai - 600002",Komaleeswaran Pet,Chennai,Tamil Nadu,600002,India,,,,,,,0,Amman,,,,,,,,temple.csv,False
REL00327,"Thiruchadai Amman Temple, Egmore",Hindu Temples,"Thiruchadai Amman Temple, Egmore, Chennai - 600008",Egmore,Chennai,Tamil Nadu,600008,India,,,,,,,0,Amman,,,,,,,,temple.csv,False
REL00328,"Karpaga Vinayagar Temple, Egmore",Hindu Temples,"Karpaga Vinayagar Temple, Egmore, Chennai - 600008",Egmore,Chennai,Tamil Nadu,600008,India,,,,,,,0,Vinayagar,,,,,,,,temple.csv,False
REL00329,"Ellamman Pazhandi Amman Temple, Nochi Kuppam",Hindu Temples,"Ellamman Pazhandi Amman Temple, Nochi Kuppam, Chennai - 600004",Nochi Kuppam,Chennai,Tamil Nadu,600004,India,,,,,,,0,Amman,,,,,,,,temple.csv,False
REL00330,"Ellamman Temple, Triplicane",Hindu Temples,"Ellamman Temple, Triplicane, Chennai - 600005",Triplicane,Chennai,Tamil Nadu,600005,India,,,,,,,0,Amman,,,,,,,,temple.csv,False
REL00331,"Selva Vinayagar Subramaniya Swamy Temple, Pudupakkam",Hindu Temples,"Selva Vinayagar Subramaniya Swamy Temple, Pudupakkam, Chennai - 600014",Pudupakkam,Chennai,Tamil Nadu,600014,India,,,,,,,0,Vinayagar,,,,,,,,temple.csv,False
REL00332,"Sorna Vinayagar Thanthondri Amman Temple, Cheppauk",Hindu Temples,"Sorna Vinayagar Thanthondri Amman Temple, Cheppauk, Chennai - 600005",Cheppauk,Chennai,Tamil Nadu,600005,India,,,,,,,0,Vinayagar,,,,,,,,temple.csv,False
REL00333,"Prasanna Vinayagar Temple, Jam Bazaar",Hindu Temples,"Prasanna Vinayagar Temple, Jam Bazaar, Chennai - 600005",Jam Bazaar,Chennai,Tamil Nadu,600005,India,,,,,,,0,Vinayagar,,,,,,,,temple.csv,False
REL00334,"Sundara Moorthy Vinayagar Temple, Triplicane",Hindu Temples,"Sundara Moorthy Vinayagar Temple, Triplicane, Chennai - 600005",Triplicane,Chennai,Tamil Nadu,600005,India,,,,,,,0,Vinayagar,,,,,,,,temple.csv,False
REL00335,"Ellamman Renuga Parameshwari Temple, Triplicane",Hindu Temples,"Ellamman Renuga Parameshwari Temple, Triplicane, Chennai - 600005",Triplicane,Chennai,Tamil Nadu,600005,India,,,,,,,0,Amman,,,,,,,,temple.csv,False
REL00336,"Sundara Vinayagar Thulukkanathamman Temple, Triplicane",Hindu Temples,"Sundara Vinayagar Thulukkanathamman Temple, Triplicane, Chennai - 600005",Triplicane,Chennai,Tamil Nadu,600005,India,,,,,,,0,Vinayagar,,,,,,,,temple.csv,False
REL00337,"Theertha Paleeswarar Temple, Triplicane",Hindu Temples,"Theertha Paleeswarar Temple, Triplicane, Chennai - 600005",Triplicane,Chennai,Tamil Nadu,600005,India,,,,,,,0,Shiva,,,,,,,,temple.csv,False
REL00338,"Siva Vishnu Temple, Anna Nagar West Extension",Hindu Temples,"Siva Vishnu Temple, Anna Nagar West Extension, Chennai - 600101",Anna Nagar West Extension,Chennai,Tamil Nadu,600101,India,,,,,,,0,Other,,,,,,,,temple.csv,False
REL00339,"Vellieswarar Temple, Mylapore",Hindu Temples,"Vellieswarar Temple, Mylapore, Chennai - 600004",Mylapore,Chennai,Tamil Nadu,600004,India,,,,,,,0,Shiva,,,,,,,,temple.csv,False
REL00340,"Kalyana Venkatea Perumal Temple, Elephant Gate",Hindu Temples,"Kalyana Venkatea Perumal Temple, Elephant Gate, Chennai - 600079",Elephant Gate,Chennai,Tamil Nadu,600079,India,,,,,,,0,Perumal,,,,,,,,temple.csv,False
REL00341,"Sengaluneer Vinayagar Koluramman Temple, V.O.C.Nagar",Hindu Temples,"Sengaluneer Vinayagar Koluramman Temple, V.O.C.Nagar, Chennai - 600003",V.O.C.Nagar,Chennai,Tamil Nadu,600003,India,,,,,,,0,Vinayagar,,,,,,,,temple.csv,False
REL00342,"Nimishambal Temple, Park Town",Hindu Temples,"Nimishambal Temple, Park Town, Chennai - 600079",Park Town,Chennai,Tamil Nadu,600079,India,,,,,,,0,Other,,,,,,,,temple.csv,False
REL00343,"Angala Parameshwari Temple, Royapuram",Hindu Temples,"Angala Parameshwari Temple, Royapuram, Chennai - 600013",Royapuram,Chennai,Tamil Nadu,600013,India,,,,,,,0,Other,,,,,,,,temple.csv,False
REL00344,"Ella Muthamman Temple, Tondaiarpet",Hindu Temples,"Ella Muthamman Temple, Tondaiarpet, Chennai - 600081",Tondaiarpet,Chennai,Tamil Nadu,600081,India,,,,,,,0,Amman,,,,,,,,temple.csv,False
REL00345,"Varasiddhi Vinayagar Temple, Royapuram",Hindu Temples,"Varasiddhi Vinayagar Temple, Royapuram, Chennai - 600013",Royapuram,Chennai,Tamil Nadu,600013,India,,,,,,,0,Vinayagar,,,,,,,,temple.csv,False
REL00346,"Sivasubramaniya Swamy And Karpaga Vinayagar Temple, Choolai",Hindu Temples,"Sivasubramaniya swamy and Karpaga Vinayagar Temple, Choolai, Chennai - 600112",Choolai,Chennai,Tamil Nadu,600112,India,,,,,,,0,Vinayagar,,,,,,,,temple.csv,False
REL00347,"Siva Subra Maniya Swamy Temple, Mint",Hindu Temples,"Siva Subra Maniya Swamy Temple, Mint, Chennai - 600079",Mint,Chennai,Tamil Nadu,600079,India,,,,,,,0,Swamy,,,,,,,,temple.csv,False
REL00348,"Kasi Vishvwa Nathar Temple, Eranayur",Hindu Temples,"Kasi Vishvwa Nathar Temple, Eranayur, Chennai - 600057",Eranayur,Chennai,Tamil Nadu,600057,India,,,,,,,0,Other,,,,,,,,temple.csv,False
REL00349,"Badala Vigneshwarar Temple, Royapuram",Hindu Temples,"Badala Vigneshwarar Temple, Royapuram, Chennai - 600013",Royapuram,Chennai,Tamil Nadu,600013,India,,,,,,,0,Other,,,,,,,,temple.csv,False
REL00350,"Aranga Natha Swamy Temple, Geroge Down",Hindu Temples,"Aranga Natha Swamy Temple, Geroge Down, Chennai - 600079",Geroge Down,Chennai,Tamil Nadu,600079,India,,,,,,,0,Swamy,,,,,,,,temple.csv,False
REL00351,"Alluri Venkadathiri Swamy Madam Ramar Temple, Sowkarpet",Hindu Temples,"Alluri Venkadathiri Swamy Madam Ramar Temple, Sowkarpet, Chennai - 600079",Sowkarpet,Chennai,Tamil Nadu,600079,India,,,,,,,0,Swamy,,,,,,,,temple.csv,False
REL00352,"Angala Parameshwari Temple, Vallalar Nagar",Hindu Temples,"Angala Parameshwari Temple, Vallalar Nagar, Chennai - 600079",Vallalar Nagar,Chennai,Tamil Nadu,600079,India,,,,,,,0,Other,,,,,,,,temple.csv,False
REL00353,"Periya Palayathamman Temple, Moolakothalam",Hindu Temples,"Periya Palayathamman Temple, Moolakothalam, Chennai - 600021",Moolakothalam,Chennai,Tamil Nadu,600021,India,,,,,,,0,Amman,,,,,,,,temple.csv,False
REL00354,"Varasidhi Vinayagar Siva Vishnu Temple, Perambur",Hindu Temples,"Varasidhi Vinayagar Siva Vishnu Temple, Perambur, Chennai - 600011",Perambur,Chennai,Tamil Nadu,600011,India,,,,,,,0,Vinayagar,,,,,,,,temple.csv,False
REL00355,"Agatheeswara Swamy Temple, Villivakkam",Hindu Temples,"Agatheeswara Swamy Temple, Villivakkam, Chennai - 600049",Villivakkam,Chennai,Tamil Nadu,600049,India,,,,,,,0,Swamy,,,,,,,,temple.csv,False
REL00356,"Thanthonriyamman And Selliyamman Temple, Peravallur",Hindu Temples,"Thanthonriyamman and Selliyamman Temple, Peravallur, Chennai - 600082",Peravallur,Chennai,Tamil Nadu,600082,India,,,,,,,0,Amman,,,,,,,,temple.csv,False
REL00357,"Moppiliyamman Temple, Villivakkam",Hindu Temples,"Moppiliyamman Temple, Villivakkam, Chennai - 600049",Villivakkam,Chennai,Tamil Nadu,600049,India,,,,,,,0,Amman,,,,,,,,temple.csv,False
REL00358,"Solaiyamman Temple, Ayanpuram",Hindu Temples,"Solaiyamman Temple, Ayanpuram, Chennai - 600023",Ayanpuram,Chennai,Tamil Nadu,600023,India,,,,,,,0,Amman,,,,,,,,temple.csv,False
REL00359,"Siva Subramania Swamy Temple, Sowcarpet",Hindu Temples,"Siva Subramania Swamy Temple, Sowcarpet, Chennai - 600079",Sowcarpet,Chennai,Tamil Nadu,600079,India,,,,,,,0,Swamy,,,,,,,,temple.csv,False
REL00360,"Selva Vinayagar Pazhaniyandavar Thathu Gugu Swamy Temple, Kondithoppu",Hindu Temples,"Selva Vinayagar Pazhaniyandavar Thathu Gugu Swamy Temple, Kondithoppu, Chennai - 600079",Kondithoppu,Chennai,Tamil Nadu,600079,India,,,,,,,0,Vinayagar,,,,,,,,temple.csv,False
REL00361,"Elanthai Muthu Mari Amman Temple, Kondithoppu",Hindu Temples,"Elanthai Muthu Mari Amman Temple, Kondithoppu, Chennai - 600079",Kondithoppu,Chennai,Tamil Nadu,600079,India,,,,,,,0,Amman,,,,,,,,temple.csv,False
REL00362,"Pavam Theerthamman Temple, Broad Way",Hindu Temples,"Pavam Theerthamman Temple, Broad Way, Chennai - 600079",Broad Way,Chennai,Tamil Nadu,600079,India,,,,,,,0,Amman,,,,,,,,temple.csv,False
REL00363,"Arulsakthi Vinayagar Temple, Kuralagam",Hindu Temples,"Arulsakthi Vinayagar Temple, Kuralagam, Chennai - 600108",Kuralagam,Chennai,Tamil Nadu,600108,India,,,,,,,0,Vinayagar,,,,,,,,temple.csv,False
REL00364,"Vaikunta Perumal And Dharmaraja Temple, Sowcarpet",Hindu Temples,"Vaikunta Perumal And Dharmaraja Temple, Sowcarpet, Chennai - 600079",Sowcarpet,Chennai,Tamil Nadu,600079,India,,,,,,,0,Perumal,,,,,,,,temple.csv,False
REL00365,"Siva Sundara Vinayagar Temple, Old Washermanpet",Hindu Temples,"Siva Sundara Vinayagar Temple, Old Washermanpet, Chennai - 600021",Old Washermanpet,Chennai,Tamil Nadu,600021,India,,,,,,,0,Vinayagar,,,,,,,,temple.csv,False
REL00366,"Arunachaleswarar And Varadaraja Perumal Temple, Sowcarpet",Hindu Temples,"Arunachaleswarar And Varadaraja Perumal Temple, Sowcarpet, Chennai - 600079",Sowcarpet,Chennai,Tamil Nadu,600079,India,,,,,,,0,Perumal,,,,,,,,temple.csv,False
REL00367,"Anjaneya Swamy Temple, Seven Wells",Hindu Temples,"Anjaneya Swamy Temple, Seven Wells, Chennai - 600001",Seven Wells,Chennai,Tamil Nadu,600001,India,,,,,,,0,Swamy,,,,,,,,temple.csv,False
REL00368,"Prasanna Venkatesa Perumal Temple, Seven Wells",Hindu Temples,"Prasanna Venkatesa Perumal Temple, Seven Wells, Chennai - 600001",Seven Wells,Chennai,Tamil Nadu,600001,India,,,,,,,0,Perumal,,,,,,,,temple.csv,False
REL00369,"Santhana Venugopala Swamy Temple, Seven Wells",Hindu Temples,"Santhana Venugopala Swamy Temple, Seven Wells, Chennai - 600001",Seven Wells,Chennai,Tamil Nadu,600001,India,,,,,,,0,Swamy,,,,,,,,temple.csv,False
